[{"model": "admin.logentry", "pk": 1, "fields": {"action_time": "2025-08-05T14:08:58.811Z", "user": 1, "content_type": 8, "object_id": "1", "object_repr": "Meals object (1)", "action_flag": 1, "change_message": "[{\"added\": {}}]"}}, {"model": "admin.logentry", "pk": 2, "fields": {"action_time": "2025-08-05T14:10:09.146Z", "user": 1, "content_type": 7, "object_id": "1", "object_repr": "Ingredients object (1)", "action_flag": 1, "change_message": "[{\"added\": {}}]"}}, {"model": "admin.logentry", "pk": 3, "fields": {"action_time": "2025-08-05T15:15:47.716Z", "user": 1, "content_type": 8, "object_id": "1", "object_repr": "Meals object (1)", "action_flag": 2, "change_message": "[]"}}, {"model": "admin.logentry", "pk": 4, "fields": {"action_time": "2025-08-08T03:03:52.977Z", "user": 1, "content_type": 9, "object_id": "1", "object_repr": "Disease object (1)", "action_flag": 1, "change_message": "[{\"added\": {}}]"}}, {"model": "admin.logentry", "pk": 5, "fields": {"action_time": "2025-08-08T03:05:07.526Z", "user": 1, "content_type": 8, "object_id": "2", "object_repr": "Meals object (2)", "action_flag": 1, "change_message": "[{\"added\": {}}]"}}, {"model": "admin.logentry", "pk": 6, "fields": {"action_time": "2025-08-08T03:05:33.174Z", "user": 1, "content_type": 9, "object_id": "1", "object_repr": "Disease object (1)", "action_flag": 2, "change_message": "[{\"changed\": {\"fields\": [\"Meals\"]}}]"}}, {"model": "admin.logentry", "pk": 7, "fields": {"action_time": "2025-08-08T03:06:03.311Z", "user": 1, "content_type": 8, "object_id": "1", "object_repr": "Meals object (1)", "action_flag": 2, "change_message": "[{\"changed\": {\"fields\": [\"Category\"]}}]"}}, {"model": "admin.logentry", "pk": 8, "fields": {"action_time": "2025-08-08T03:06:38.198Z", "user": 1, "content_type": 9, "object_id": "1", "object_repr": "Disease object (1)", "action_flag": 2, "change_message": "[]"}}, {"model": "admin.logentry", "pk": 9, "fields": {"action_time": "2025-08-08T03:07:14.321Z", "user": 1, "content_type": 8, "object_id": "3", "object_repr": "Meals object (3)", "action_flag": 1, "change_message": "[{\"added\": {}}]"}}, {"model": "admin.logentry", "pk": 10, "fields": {"action_time": "2025-08-08T03:23:42.746Z", "user": 1, "content_type": 9, "object_id": "1", "object_repr": "Diabetes", "action_flag": 2, "change_message": "[]"}}, {"model": "admin.logentry", "pk": 11, "fields": {"action_time": "2025-08-08T03:24:04.667Z", "user": 1, "content_type": 8, "object_id": "3", "object_repr": "Veggie Omelet with Whole Grain Toast", "action_flag": 2, "change_message": "[{\"changed\": {\"fields\": [\"Description\", \"Diseases\"]}}]"}}, {"model": "admin.logentry", "pk": 12, "fields": {"action_time": "2025-08-08T03:24:19.899Z", "user": 1, "content_type": 8, "object_id": "2", "object_repr": "Greek Yogurt Parfait", "action_flag": 2, "change_message": "[{\"changed\": {\"fields\": [\"Description\", \"Diseases\"]}}]"}}, {"model": "admin.logentry", "pk": 13, "fields": {"action_time": "2025-08-08T03:24:29.838Z", "user": 1, "content_type": 8, "object_id": "1", "object_repr": "Vegetable oats upma", "action_flag": 2, "change_message": "[{\"changed\": {\"fields\": [\"Description\", \"Diseases\"]}}]"}}, {"model": "admin.logentry", "pk": 14, "fields": {"action_time": "2025-08-08T04:15:54.082Z", "user": 1, "content_type": 8, "object_id": "3", "object_repr": "Veggie Omelet with Whole Grain Toast", "action_flag": 2, "change_message": "[]"}}, {"model": "admin.logentry", "pk": 15, "fields": {"action_time": "2025-08-08T04:16:20.964Z", "user": 1, "content_type": 8, "object_id": "2", "object_repr": "Greek Yogurt Parfait", "action_flag": 2, "change_message": "[]"}}, {"model": "admin.logentry", "pk": 16, "fields": {"action_time": "2025-08-09T02:15:16.326Z", "user": 1, "content_type": 8, "object_id": "2", "object_repr": "Greek Yogurt Parfait", "action_flag": 2, "change_message": "[{\"changed\": {\"fields\": [\"Category\"]}}]"}}, {"model": "admin.logentry", "pk": 17, "fields": {"action_time": "2025-08-09T02:15:25.199Z", "user": 1, "content_type": 8, "object_id": "1", "object_repr": "Vegetable oats upma", "action_flag": 2, "change_message": "[{\"changed\": {\"fields\": [\"Category\"]}}]"}}, {"model": "admin.logentry", "pk": 18, "fields": {"action_time": "2025-08-09T02:16:09.432Z", "user": 1, "content_type": 8, "object_id": "4", "object_repr": "Moong dal chilla with mint chutney", "action_flag": 1, "change_message": "[{\"added\": {}}]"}}, {"model": "admin.logentry", "pk": 19, "fields": {"action_time": "2025-08-09T02:16:59.964Z", "user": 1, "content_type": 8, "object_id": "5", "object_repr": "Boiled egg + 1 slice of whole grain toast", "action_flag": 1, "change_message": "[{\"added\": {}}]"}}, {"model": "admin.logentry", "pk": 20, "fields": {"action_time": "2025-08-09T02:17:36.500Z", "user": 1, "content_type": 8, "object_id": "6", "object_repr": "Mixed vegetable salad", "action_flag": 1, "change_message": "[{\"added\": {}}]"}}, {"model": "admin.logentry", "pk": 21, "fields": {"action_time": "2025-08-09T02:17:54.210Z", "user": 1, "content_type": 8, "object_id": "7", "object_repr": "Lauki sabzi", "action_flag": 1, "change_message": "[{\"added\": {}}]"}}, {"model": "admin.logentry", "pk": 22, "fields": {"action_time": "2025-08-09T02:18:38.122Z", "user": 1, "content_type": 8, "object_id": "8", "object_repr": "Multigrain rotis", "action_flag": 1, "change_message": "[{\"added\": {}}]"}}, {"model": "admin.logentry", "pk": 23, "fields": {"action_time": "2025-08-09T02:19:06.762Z", "user": 1, "content_type": 8, "object_id": "9", "object_repr": "Vegetable khichdi", "action_flag": 1, "change_message": "[{\"added\": {}}]"}}, {"model": "admin.logentry", "pk": 24, "fields": {"action_time": "2025-08-09T02:19:25.888Z", "user": 1, "content_type": 8, "object_id": "10", "object_repr": "Palak soup", "action_flag": 1, "change_message": "[{\"added\": {}}]"}}, {"model": "admin.logentry", "pk": 25, "fields": {"action_time": "2025-08-09T02:19:48.671Z", "user": 1, "content_type": 8, "object_id": "11", "object_repr": "Cucumber salad", "action_flag": 1, "change_message": "[{\"added\": {}}]"}}, {"model": "admin.logentry", "pk": 26, "fields": {"action_time": "2025-08-09T02:20:09.684Z", "user": 1, "content_type": 9, "object_id": "2", "object_repr": "Hypertension", "action_flag": 1, "change_message": "[{\"added\": {}}]"}}, {"model": "admin.logentry", "pk": 27, "fields": {"action_time": "2025-08-09T02:20:38.629Z", "user": 1, "content_type": 8, "object_id": "5", "object_repr": "Boiled egg with whole grain toast", "action_flag": 2, "change_message": "[{\"changed\": {\"fields\": [\"Name\"]}}]"}}, {"model": "admin.logentry", "pk": 28, "fields": {"action_time": "2025-08-22T07:42:49.128Z", "user": 1, "content_type": 8, "object_id": "1", "object_repr": "Vegetable oats upma", "action_flag": 2, "change_message": "[{\"changed\": {\"fields\": [\"Image\"]}}]"}}, {"model": "admin.logentry", "pk": 29, "fields": {"action_time": "2025-08-22T07:48:50.380Z", "user": 1, "content_type": 8, "object_id": "1", "object_repr": "Vegetable oats upma", "action_flag": 2, "change_message": "[{\"changed\": {\"fields\": [\"Image\"]}}]"}}, {"model": "admin.logentry", "pk": 30, "fields": {"action_time": "2025-08-22T07:57:22.043Z", "user": 1, "content_type": 8, "object_id": "1", "object_repr": "Vegetable oats upma", "action_flag": 2, "change_message": "[{\"changed\": {\"fields\": [\"Image\"]}}]"}}, {"model": "admin.logentry", "pk": 31, "fields": {"action_time": "2025-08-26T04:47:53.437Z", "user": 1, "content_type": 9, "object_id": "2", "object_repr": "Hypertension", "action_flag": 3, "change_message": ""}}, {"model": "admin.logentry", "pk": 32, "fields": {"action_time": "2025-08-26T04:48:19.411Z", "user": 1, "content_type": 9, "object_id": "3", "object_repr": "Fever", "action_flag": 1, "change_message": "[{\"added\": {}}]"}}, {"model": "admin.logentry", "pk": 33, "fields": {"action_time": "2025-08-26T04:57:06.328Z", "user": 1, "content_type": 8, "object_id": "12", "object_repr": "Moong Dal Khichdi (soft, less spicy)", "action_flag": 1, "change_message": "[{\"added\": {}}]"}}, {"model": "admin.logentry", "pk": 34, "fields": {"action_time": "2025-08-26T05:03:00.832Z", "user": 1, "content_type": 8, "object_id": "13", "object_repr": "Curd Rice + Boiled Carrot & Beans", "action_flag": 1, "change_message": "[{\"added\": {}}]"}}, {"model": "admin.logentry", "pk": 35, "fields": {"action_time": "2025-08-26T05:03:29.001Z", "user": 1, "content_type": 8, "object_id": "13", "object_repr": "Curd Rice + Boiled Carrot & Beans", "action_flag": 2, "change_message": "[{\"changed\": {\"fields\": [\"Category\"]}}]"}}, {"model": "admin.logentry", "pk": 36, "fields": {"action_time": "2025-08-26T05:19:24.440Z", "user": 1, "content_type": 8, "object_id": "14", "object_repr": "Vegetable Clear Soup and Soft Roti", "action_flag": 1, "change_message": "[{\"added\": {}}]"}}, {"model": "admin.logentry", "pk": 37, "fields": {"action_time": "2025-08-26T05:26:03.673Z", "user": 1, "content_type": 8, "object_id": "15", "object_repr": "Rava Upma", "action_flag": 1, "change_message": "[{\"added\": {}}]"}}, {"model": "admin.logentry", "pk": 38, "fields": {"action_time": "2025-08-26T05:30:24.142Z", "user": 1, "content_type": 8, "object_id": "16", "object_repr": "Thin Dal , Rice and Spinach Sabzi", "action_flag": 1, "change_message": "[{\"added\": {}}]"}}, {"model": "admin.logentry", "pk": 39, "fields": {"action_time": "2025-08-26T05:33:56.359Z", "user": 1, "content_type": 8, "object_id": "17", "object_repr": "Lemon Coriander Soup and 2 Soft Idlis", "action_flag": 1, "change_message": "[{\"added\": {}}]"}}, {"model": "admin.logentry", "pk": 40, "fields": {"action_time": "2025-08-26T05:43:30.851Z", "user": 1, "content_type": 8, "object_id": "18", "object_repr": "Oats Porridge with Milk", "action_flag": 1, "change_message": "[{\"added\": {}}]"}}, {"model": "admin.logentry", "pk": 41, "fields": {"action_time": "2025-08-26T05:49:32.935Z", "user": 1, "content_type": 8, "object_id": "18", "object_repr": "Oats Porridge with Milk", "action_flag": 2, "change_message": "[{\"changed\": {\"fields\": [\"Nutrients\"]}}]"}}, {"model": "admin.logentry", "pk": 42, "fields": {"action_time": "2025-08-26T06:38:46.601Z", "user": 1, "content_type": 8, "object_id": "9", "object_repr": "Vegetable khichdi", "action_flag": 3, "change_message": ""}}, {"model": "admin.logentry", "pk": 43, "fields": {"action_time": "2025-08-26T06:38:46.601Z", "user": 1, "content_type": 8, "object_id": "8", "object_repr": "Multigrain rotis", "action_flag": 3, "change_message": ""}}, {"model": "admin.logentry", "pk": 44, "fields": {"action_time": "2025-08-26T06:38:46.601Z", "user": 1, "content_type": 8, "object_id": "7", "object_repr": "Lauki sabzi", "action_flag": 3, "change_message": ""}}, {"model": "admin.logentry", "pk": 45, "fields": {"action_time": "2025-08-26T06:38:46.601Z", "user": 1, "content_type": 8, "object_id": "6", "object_repr": "Mixed vegetable salad", "action_flag": 3, "change_message": ""}}, {"model": "admin.logentry", "pk": 46, "fields": {"action_time": "2025-08-26T06:38:46.601Z", "user": 1, "content_type": 8, "object_id": "5", "object_repr": "Boiled egg with whole grain toast", "action_flag": 3, "change_message": ""}}, {"model": "admin.logentry", "pk": 47, "fields": {"action_time": "2025-08-26T06:38:46.601Z", "user": 1, "content_type": 8, "object_id": "4", "object_repr": "Moong dal chilla with mint chutney", "action_flag": 3, "change_message": ""}}, {"model": "admin.logentry", "pk": 48, "fields": {"action_time": "2025-08-26T06:38:46.601Z", "user": 1, "content_type": 8, "object_id": "3", "object_repr": "Veggie Omelet with Whole Grain Toast", "action_flag": 3, "change_message": ""}}, {"model": "admin.logentry", "pk": 49, "fields": {"action_time": "2025-08-26T06:38:46.601Z", "user": 1, "content_type": 8, "object_id": "2", "object_repr": "Greek Yogurt Parfait", "action_flag": 3, "change_message": ""}}, {"model": "admin.logentry", "pk": 50, "fields": {"action_time": "2025-08-26T06:38:46.601Z", "user": 1, "content_type": 8, "object_id": "1", "object_repr": "Vegetable oats upma", "action_flag": 3, "change_message": ""}}, {"model": "admin.logentry", "pk": 51, "fields": {"action_time": "2025-08-26T06:38:58.846Z", "user": 1, "content_type": 8, "object_id": "11", "object_repr": "Cucumber salad", "action_flag": 3, "change_message": ""}}, {"model": "admin.logentry", "pk": 52, "fields": {"action_time": "2025-08-26T06:38:58.846Z", "user": 1, "content_type": 8, "object_id": "10", "object_repr": "Palak soup", "action_flag": 3, "change_message": ""}}, {"model": "admin.logentry", "pk": 53, "fields": {"action_time": "2025-08-26T06:39:48.368Z", "user": 1, "content_type": 8, "object_id": "12", "object_repr": "Moong Dal Khichdi (soft, less spicy)", "action_flag": 2, "change_message": "[]"}}, {"model": "admin.logentry", "pk": 54, "fields": {"action_time": "2025-08-26T06:42:38.902Z", "user": 1, "content_type": 8, "object_id": "19", "object_repr": "Vegetable Khichdi with Curd", "action_flag": 1, "change_message": "[{\"added\": {}}]"}}, {"model": "admin.logentry", "pk": 55, "fields": {"action_time": "2025-08-26T06:45:34.654Z", "user": 1, "content_type": 8, "object_id": "20", "object_repr": "Tomato Rasam with Soft Rice", "action_flag": 1, "change_message": "[{\"added\": {}}]"}}, {"model": "admin.logentry", "pk": 56, "fields": {"action_time": "2025-08-26T06:48:31.776Z", "user": 1, "content_type": 8, "object_id": "21", "object_repr": "Poha with Peas (light turmeric)", "action_flag": 1, "change_message": "[{\"added\": {}}]"}}, {"model": "admin.logentry", "pk": 57, "fields": {"action_time": "2025-08-26T06:51:10.274Z", "user": 1, "content_type": 8, "object_id": "22", "object_repr": "Jeera Rice with Moong Dal Tadka (light)", "action_flag": 1, "change_message": "[{\"added\": {}}]"}}, {"model": "admin.logentry", "pk": 58, "fields": {"action_time": "2025-08-26T06:53:47.118Z", "user": 1, "content_type": 8, "object_id": "23", "object_repr": "Vegetable Daliya (broken wheat porridge)", "action_flag": 1, "change_message": "[{\"added\": {}}]"}}, {"model": "admin.logentry", "pk": 59, "fields": {"action_time": "2025-08-26T06:58:56.514Z", "user": 1, "content_type": 8, "object_id": "24", "object_repr": "Idli with Coconut Chutney (lightly spiced)", "action_flag": 1, "change_message": "[{\"added\": {}}]"}}, {"model": "admin.logentry", "pk": 60, "fields": {"action_time": "2025-08-26T07:48:30.439Z", "user": 1, "content_type": 8, "object_id": "25", "object_repr": "Soft Chapati with Thin Dal", "action_flag": 1, "change_message": "[{\"added\": {}}]"}}, {"model": "admin.logentry", "pk": 61, "fields": {"action_time": "2025-08-26T07:53:23.306Z", "user": 1, "content_type": 8, "object_id": "26", "object_repr": "Vegetable Soup with Upma", "action_flag": 1, "change_message": "[{\"added\": {}}]"}}, {"model": "admin.logentry", "pk": 62, "fields": {"action_time": "2025-08-26T08:03:05.604Z", "user": 1, "content_type": 9, "object_id": "1", "object_repr": "Diabetes", "action_flag": 3, "change_message": ""}}, {"model": "admin.logentry", "pk": 63, "fields": {"action_time": "2025-08-29T10:51:25.779Z", "user": 1, "content_type": 8, "object_id": "12", "object_repr": "Moong Dal Khichdi (soft, less spicy)", "action_flag": 2, "change_message": "[{\"changed\": {\"fields\": [\"Image\"]}}]"}}, {"model": "admin.logentry", "pk": 64, "fields": {"action_time": "2025-08-29T11:21:24.867Z", "user": 1, "content_type": 8, "object_id": "12", "object_repr": "Moong Dal Khichdi (soft, less spicy)", "action_flag": 2, "change_message": "[{\"changed\": {\"fields\": [\"Image\"]}}]"}}, {"model": "admin.logentry", "pk": 65, "fields": {"action_time": "2025-08-29T11:26:24.834Z", "user": 1, "content_type": 8, "object_id": "26", "object_repr": "Vegetable Soup with Upma", "action_flag": 2, "change_message": "[{\"changed\": {\"fields\": [\"Image\"]}}]"}}, {"model": "admin.logentry", "pk": 66, "fields": {"action_time": "2025-08-29T11:26:34.319Z", "user": 1, "content_type": 8, "object_id": "25", "object_repr": "Soft Chapati with Thin Dal", "action_flag": 2, "change_message": "[{\"changed\": {\"fields\": [\"Image\"]}}]"}}, {"model": "admin.logentry", "pk": 67, "fields": {"action_time": "2025-08-29T11:26:46.167Z", "user": 1, "content_type": 8, "object_id": "12", "object_repr": "Moong Dal Khichdi (soft, less spicy)", "action_flag": 2, "change_message": "[{\"changed\": {\"fields\": [\"Image\"]}}]"}}, {"model": "admin.logentry", "pk": 68, "fields": {"action_time": "2025-08-30T05:23:42.841Z", "user": 1, "content_type": 8, "object_id": "12", "object_repr": "Moong Dal Khichdi (soft, less spicy)", "action_flag": 2, "change_message": "[{\"changed\": {\"fields\": [\"Image\"]}}]"}}, {"model": "admin.logentry", "pk": 69, "fields": {"action_time": "2025-08-30T05:23:56.118Z", "user": 1, "content_type": 8, "object_id": "13", "object_repr": "Curd Rice + Boiled Carrot & Beans", "action_flag": 2, "change_message": "[{\"changed\": {\"fields\": [\"Image\"]}}]"}}, {"model": "admin.logentry", "pk": 70, "fields": {"action_time": "2025-08-30T05:24:12.754Z", "user": 1, "content_type": 8, "object_id": "14", "object_repr": "Vegetable Clear Soup and Soft Roti", "action_flag": 2, "change_message": "[{\"changed\": {\"fields\": [\"Image\"]}}]"}}, {"model": "admin.logentry", "pk": 71, "fields": {"action_time": "2025-08-30T05:24:25.580Z", "user": 1, "content_type": 8, "object_id": "26", "object_repr": "Vegetable Soup with Upma", "action_flag": 2, "change_message": "[{\"changed\": {\"fields\": [\"Image\"]}}]"}}, {"model": "admin.logentry", "pk": 72, "fields": {"action_time": "2025-08-30T05:24:38.466Z", "user": 1, "content_type": 8, "object_id": "25", "object_repr": "Soft Chapati with Thin Dal", "action_flag": 2, "change_message": "[{\"changed\": {\"fields\": [\"Image\"]}}]"}}, {"model": "admin.logentry", "pk": 73, "fields": {"action_time": "2025-09-03T17:42:47.646Z", "user": 6, "content_type": 4, "object_id": "4", "object_repr": "User1122", "action_flag": 3, "change_message": ""}}, {"model": "admin.logentry", "pk": 74, "fields": {"action_time": "2025-09-03T17:42:47.646Z", "user": 6, "content_type": 4, "object_id": "3", "object_repr": "user6", "action_flag": 3, "change_message": ""}}, {"model": "admin.logentry", "pk": 75, "fields": {"action_time": "2025-09-03T17:42:47.646Z", "user": 6, "content_type": 4, "object_id": "2", "object_repr": "user77", "action_flag": 3, "change_message": ""}}, {"model": "admin.logentry", "pk": 76, "fields": {"action_time": "2025-09-05T12:58:47.973Z", "user": 6, "content_type": 8, "object_id": "12", "object_repr": "Moong Dal Khichdi (soft, less spicy)", "action_flag": 2, "change_message": "[{\"changed\": {\"fields\": [\"Image\"]}}]"}}, {"model": "admin.logentry", "pk": 77, "fields": {"action_time": "2025-09-05T13:02:10.904Z", "user": 6, "content_type": 8, "object_id": "13", "object_repr": "Curd Rice + Boiled Carrot & Beans", "action_flag": 2, "change_message": "[{\"changed\": {\"fields\": [\"Image\"]}}]"}}, {"model": "admin.logentry", "pk": 78, "fields": {"action_time": "2025-09-05T13:06:59.428Z", "user": 6, "content_type": 8, "object_id": "14", "object_repr": "Vegetable Clear Soup and Soft Roti", "action_flag": 2, "change_message": "[{\"changed\": {\"fields\": [\"Image\"]}}]"}}, {"model": "admin.logentry", "pk": 79, "fields": {"action_time": "2025-09-05T13:06:59.768Z", "user": 6, "content_type": 8, "object_id": "14", "object_repr": "Vegetable Clear Soup and Soft Roti", "action_flag": 2, "change_message": "[{\"changed\": {\"fields\": [\"Image\"]}}]"}}, {"model": "admin.logentry", "pk": 80, "fields": {"action_time": "2025-09-05T13:07:00.125Z", "user": 6, "content_type": 8, "object_id": "14", "object_repr": "Vegetable Clear Soup and Soft Roti", "action_flag": 2, "change_message": "[{\"changed\": {\"fields\": [\"Image\"]}}]"}}, {"model": "admin.logentry", "pk": 81, "fields": {"action_time": "2025-09-05T13:07:00.363Z", "user": 6, "content_type": 8, "object_id": "14", "object_repr": "Vegetable Clear Soup and Soft Roti", "action_flag": 2, "change_message": "[{\"changed\": {\"fields\": [\"Image\"]}}]"}}, {"model": "admin.logentry", "pk": 82, "fields": {"action_time": "2025-09-05T13:09:05.478Z", "user": 6, "content_type": 8, "object_id": "15", "object_repr": "Rava Upma", "action_flag": 2, "change_message": "[{\"changed\": {\"fields\": [\"Image\"]}}]"}}, {"model": "admin.logentry", "pk": 83, "fields": {"action_time": "2025-09-05T13:12:31.170Z", "user": 6, "content_type": 8, "object_id": "16", "object_repr": "Thin Dal , Rice and Spinach Sabzi", "action_flag": 2, "change_message": "[{\"changed\": {\"fields\": [\"Image\"]}}]"}}, {"model": "admin.logentry", "pk": 84, "fields": {"action_time": "2025-09-05T13:14:41.083Z", "user": 6, "content_type": 8, "object_id": "17", "object_repr": "Lemon Coriander Soup and 2 Soft Idlis", "action_flag": 2, "change_message": "[{\"changed\": {\"fields\": [\"Image\"]}}]"}}, {"model": "admin.logentry", "pk": 85, "fields": {"action_time": "2025-09-05T13:16:28.243Z", "user": 6, "content_type": 8, "object_id": "18", "object_repr": "Oats Porridge with Milk", "action_flag": 2, "change_message": "[{\"changed\": {\"fields\": [\"Image\"]}}]"}}, {"model": "admin.logentry", "pk": 86, "fields": {"action_time": "2025-09-05T13:18:54.358Z", "user": 6, "content_type": 8, "object_id": "19", "object_repr": "Vegetable Khichdi with Curd", "action_flag": 2, "change_message": "[{\"changed\": {\"fields\": [\"Image\"]}}]"}}, {"model": "admin.logentry", "pk": 87, "fields": {"action_time": "2025-09-05T13:20:51.896Z", "user": 6, "content_type": 8, "object_id": "20", "object_repr": "Tomato Rasam with Soft Rice", "action_flag": 2, "change_message": "[{\"changed\": {\"fields\": [\"Image\"]}}]"}}, {"model": "admin.logentry", "pk": 88, "fields": {"action_time": "2025-09-05T13:23:43.683Z", "user": 6, "content_type": 8, "object_id": "21", "object_repr": "Poha with Peas (light turmeric)", "action_flag": 2, "change_message": "[{\"changed\": {\"fields\": [\"Image\"]}}]"}}, {"model": "admin.logentry", "pk": 89, "fields": {"action_time": "2025-09-05T13:25:07.212Z", "user": 6, "content_type": 8, "object_id": "22", "object_repr": "Jeera Rice with Moong Dal Tadka (light)", "action_flag": 2, "change_message": "[{\"changed\": {\"fields\": [\"Image\"]}}]"}}, {"model": "admin.logentry", "pk": 90, "fields": {"action_time": "2025-09-05T13:26:44.255Z", "user": 6, "content_type": 8, "object_id": "23", "object_repr": "Vegetable Daliya (broken wheat porridge)", "action_flag": 2, "change_message": "[{\"changed\": {\"fields\": [\"Image\"]}}]"}}, {"model": "admin.logentry", "pk": 91, "fields": {"action_time": "2025-09-05T13:29:06.872Z", "user": 6, "content_type": 8, "object_id": "24", "object_repr": "Idli with Coconut Chutney (lightly spiced)", "action_flag": 2, "change_message": "[{\"changed\": {\"fields\": [\"Image\"]}}]"}}, {"model": "admin.logentry", "pk": 92, "fields": {"action_time": "2025-09-05T13:38:38.664Z", "user": 6, "content_type": 8, "object_id": "25", "object_repr": "Soft Chapati with Thin Dal", "action_flag": 2, "change_message": "[{\"changed\": {\"fields\": [\"Image\"]}}]"}}, {"model": "admin.logentry", "pk": 93, "fields": {"action_time": "2025-09-05T13:40:55.178Z", "user": 6, "content_type": 8, "object_id": "26", "object_repr": "Vegetable Soup with Upma", "action_flag": 2, "change_message": "[{\"changed\": {\"fields\": [\"Image\"]}}]"}}, {"model": "admin.logentry", "pk": 94, "fields": {"action_time": "2025-09-05T13:54:21.950Z", "user": 6, "content_type": 8, "object_id": "27", "object_repr": "Rice Kanji (porridge) + Boiled Potato", "action_flag": 1, "change_message": "[{\"added\": {}}]"}}, {"model": "admin.logentry", "pk": 95, "fields": {"action_time": "2025-09-05T13:58:39.907Z", "user": 6, "content_type": 8, "object_id": "28", "object_repr": "Curd Rice + Beetroot Poriyal", "action_flag": 1, "change_message": "[{\"added\": {}}]"}}, {"model": "admin.logentry", "pk": 96, "fields": {"action_time": "2025-09-05T14:04:26.018Z", "user": 6, "content_type": 8, "object_id": "29", "object_repr": "Soft Khichdi + Carrot Soup", "action_flag": 1, "change_message": "[{\"added\": {}}]"}}, {"model": "admin.logentry", "pk": 97, "fields": {"action_time": "2025-09-05T14:07:54.520Z", "user": 6, "content_type": 8, "object_id": "30", "object_repr": "Oats Upma with Carrot & Beans", "action_flag": 1, "change_message": "[{\"added\": {}}]"}}, {"model": "admin.logentry", "pk": 98, "fields": {"action_time": "2025-09-05T14:11:05.290Z", "user": 6, "content_type": 8, "object_id": "31", "object_repr": "Dal Rice + Pumpkin Curry", "action_flag": 1, "change_message": "[{\"added\": {}}]"}}, {"model": "admin.logentry", "pk": 99, "fields": {"action_time": "2025-09-05T14:17:38.358Z", "user": 6, "content_type": 8, "object_id": "32", "object_repr": "Vegetable Soup + Idli/Dosa (soft)", "action_flag": 1, "change_message": "[{\"added\": {}}]"}}, {"model": "admin.logentry", "pk": 100, "fields": {"action_time": "2025-09-05T14:20:38.402Z", "user": 6, "content_type": 8, "object_id": "27", "object_repr": "Rice Kanji (porridge) + Boiled Potato", "action_flag": 2, "change_message": "[{\"changed\": {\"fields\": [\"Image\"]}}]"}}, {"model": "admin.logentry", "pk": 101, "fields": {"action_time": "2025-09-05T14:21:19.933Z", "user": 6, "content_type": 8, "object_id": "28", "object_repr": "Curd Rice + Beetroot Poriyal", "action_flag": 2, "change_message": "[{\"changed\": {\"fields\": [\"Image\"]}}]"}}, {"model": "admin.logentry", "pk": 102, "fields": {"action_time": "2025-09-05T14:26:17.883Z", "user": 6, "content_type": 9, "object_id": "4", "object_repr": "Hyper Tension", "action_flag": 1, "change_message": "[{\"added\": {}}]"}}, {"model": "admin.logentry", "pk": 103, "fields": {"action_time": "2025-09-05T14:30:52.708Z", "user": 6, "content_type": 8, "object_id": "33", "object_repr": "Vegetable Oats Upma (with carrot, beans)", "action_flag": 1, "change_message": "[{\"added\": {}}]"}}, {"model": "admin.logentry", "pk": 104, "fields": {"action_time": "2025-09-05T14:33:38.088Z", "user": 6, "content_type": 8, "object_id": "34", "object_repr": "Brown Rice + Moong Dal + Cucumber Salad", "action_flag": 1, "change_message": "[{\"added\": {}}]"}}, {"model": "admin.logentry", "pk": 105, "fields": {"action_time": "2025-09-05T14:36:22.275Z", "user": 6, "content_type": 8, "object_id": "35", "object_repr": "Vegetable Soup + 2 Phulkas (no oil)", "action_flag": 1, "change_message": "[{\"added\": {}}]"}}, {"model": "admin.logentry", "pk": 106, "fields": {"action_time": "2025-09-05T14:38:01.452Z", "user": 6, "content_type": 8, "object_id": "36", "object_repr": "Vegetable Poha with Peas", "action_flag": 1, "change_message": "[{\"added\": {}}]"}}, {"model": "admin.logentry", "pk": 107, "fields": {"action_time": "2025-09-05T14:39:52.928Z", "user": 6, "content_type": 8, "object_id": "37", "object_repr": "Chapati (2) + Lauki Curry + Thin Dal", "action_flag": 1, "change_message": "[{\"added\": {}}]"}}, {"model": "admin.logentry", "pk": 108, "fields": {"action_time": "2025-09-05T14:42:40.215Z", "user": 6, "content_type": 8, "object_id": "38", "object_repr": "Brown Rice Khichdi + Beetroot Salad", "action_flag": 1, "change_message": "[{\"added\": {}}]"}}, {"model": "admin.logentry", "pk": 109, "fields": {"action_time": "2025-09-05T14:44:32.572Z", "user": 6, "content_type": 8, "object_id": "39", "object_repr": "Ragi Dosa + Coconut Chutney", "action_flag": 1, "change_message": "[{\"added\": {}}]"}}, {"model": "admin.logentry", "pk": 110, "fields": {"action_time": "2025-09-05T14:46:38.463Z", "user": 6, "content_type": 8, "object_id": "40", "object_repr": "Brown Rice + Sambar (with drumstick, beans, carrot)", "action_flag": 1, "change_message": "[{\"added\": {}}]"}}, {"model": "admin.logentry", "pk": 111, "fields": {"action_time": "2025-09-05T14:49:17.361Z", "user": 6, "content_type": 8, "object_id": "41", "object_repr": "Broken Wheat (Daliya) Khichdi + Palak Soup", "action_flag": 1, "change_message": "[{\"added\": {}}]"}}, {"model": "admin.logentry", "pk": 112, "fields": {"action_time": "2025-09-05T14:52:16.610Z", "user": 6, "content_type": 8, "object_id": "42", "object_repr": "Vegetable Idli (with carrot, spinach) + Sambar", "action_flag": 1, "change_message": "[{\"added\": {}}]"}}, {"model": "admin.logentry", "pk": 113, "fields": {"action_time": "2025-09-05T14:54:46.281Z", "user": 6, "content_type": 8, "object_id": "43", "object_repr": "Bajra Roti (2) + Bhindi Curry + Dal", "action_flag": 1, "change_message": "[{\"added\": {}}]"}}, {"model": "admin.logentry", "pk": 114, "fields": {"action_time": "2025-09-05T14:56:59.812Z", "user": 6, "content_type": 8, "object_id": "44", "object_repr": "Vegetable Upma + Tomato Soup", "action_flag": 1, "change_message": "[{\"added\": {}}]"}}, {"model": "admin.logentry", "pk": 115, "fields": {"action_time": "2025-09-05T14:58:55.991Z", "user": 6, "content_type": 8, "object_id": "45", "object_repr": "Sprouts Salad (with onion, tomato, lemon)", "action_flag": 1, "change_message": "[{\"added\": {}}]"}}, {"model": "admin.logentry", "pk": 116, "fields": {"action_time": "2025-09-05T15:02:58.228Z", "user": 6, "content_type": 8, "object_id": "46", "object_repr": "Red Rice + Dal + Beetroot Curry", "action_flag": 1, "change_message": "[{\"added\": {}}]"}}, {"model": "admin.logentry", "pk": 117, "fields": {"action_time": "2025-09-05T15:04:53.159Z", "user": 6, "content_type": 8, "object_id": "47", "object_repr": "Vegetable Daliya + Cabbage Stir Fry", "action_flag": 1, "change_message": "[{\"added\": {}}]"}}, {"model": "admin.logentry", "pk": 118, "fields": {"action_time": "2025-09-05T15:06:45.930Z", "user": 6, "content_type": 8, "object_id": "48", "object_repr": "Vegetable Rava Idli + Coconut Chutney", "action_flag": 1, "change_message": "[{\"added\": {}}]"}}, {"model": "admin.logentry", "pk": 119, "fields": {"action_time": "2025-09-05T15:08:11.617Z", "user": 6, "content_type": 8, "object_id": "49", "object_repr": "Chapati (2) + Palak Dal + Carrot Salad", "action_flag": 1, "change_message": "[{\"added\": {}}]"}}, {"model": "admin.logentry", "pk": 120, "fields": {"action_time": "2025-09-05T15:09:49.293Z", "user": 6, "content_type": 8, "object_id": "50", "object_repr": "Brown Rice Khichdi + Lauki Soup", "action_flag": 1, "change_message": "[{\"added\": {}}]"}}, {"model": "admin.logentry", "pk": 121, "fields": {"action_time": "2025-09-05T15:11:19.437Z", "user": 6, "content_type": 8, "object_id": "51", "object_repr": "Vegetable Dhokla + Mint Chutney", "action_flag": 1, "change_message": "[{\"added\": {}}]"}}, {"model": "admin.logentry", "pk": 122, "fields": {"action_time": "2025-09-05T15:13:14.240Z", "user": 6, "content_type": 8, "object_id": "52", "object_repr": "Millet Rice + Thin Dal + Pumpkin Curry", "action_flag": 1, "change_message": "[{\"added\": {}}]"}}, {"model": "admin.logentry", "pk": 123, "fields": {"action_time": "2025-09-05T15:16:12.186Z", "user": 6, "content_type": 8, "object_id": "53", "object_repr": "Vegetable Clear Soup + 2 Phulkas", "action_flag": 1, "change_message": "[{\"added\": {}}]"}}, {"model": "admin.logentry", "pk": 124, "fields": {"action_time": "2025-09-05T16:47:51.912Z", "user": 6, "content_type": 9, "object_id": "5", "object_repr": "Heart disease", "action_flag": 1, "change_message": "[{\"added\": {}}]"}}, {"model": "admin.logentry", "pk": 125, "fields": {"action_time": "2025-09-05T16:51:05.810Z", "user": 6, "content_type": 8, "object_id": "54", "object_repr": "Vegetable Oats Upma (with carrot, beans)", "action_flag": 1, "change_message": "[{\"added\": {}}]"}}, {"model": "admin.logentry", "pk": 126, "fields": {"action_time": "2025-09-05T16:53:56.806Z", "user": 6, "content_type": 8, "object_id": "55", "object_repr": "Brown Rice + Moong Dal + Cucumber Salad", "action_flag": 1, "change_message": "[{\"added\": {}}]"}}, {"model": "admin.logentry", "pk": 127, "fields": {"action_time": "2025-09-05T16:55:38.088Z", "user": 6, "content_type": 8, "object_id": "56", "object_repr": "Vegetable Soup + 2 Phulkas (no oil)", "action_flag": 1, "change_message": "[{\"added\": {}}]"}}, {"model": "admin.logentry", "pk": 128, "fields": {"action_time": "2025-09-05T16:57:15.221Z", "user": 6, "content_type": 8, "object_id": "57", "object_repr": "Ragi Porridge with Nuts", "action_flag": 1, "change_message": "[{\"added\": {}}]"}}, {"model": "admin.logentry", "pk": 129, "fields": {"action_time": "2025-09-05T16:58:32.893Z", "user": 6, "content_type": 8, "object_id": "58", "object_repr": "Quinoa Khichdi with Vegetables", "action_flag": 1, "change_message": "[{\"added\": {}}]"}}, {"model": "admin.logentry", "pk": 130, "fields": {"action_time": "2025-09-05T17:01:24.641Z", "user": 6, "content_type": 8, "object_id": "59", "object_repr": "Palak Tofu + 2 Multigrain Rotis", "action_flag": 1, "change_message": "[{\"added\": {}}]"}}, {"model": "admin.logentry", "pk": 131, "fields": {"action_time": "2025-09-05T17:03:03.782Z", "user": 6, "content_type": 8, "object_id": "60", "object_repr": "Sprouts Salad with Lemon", "action_flag": 1, "change_message": "[{\"added\": {}}]"}}, {"model": "admin.logentry", "pk": 132, "fields": {"action_time": "2025-09-05T17:04:37.541Z", "user": 6, "content_type": 8, "object_id": "61", "object_repr": "Bajra Roti + Lauki (Bottle Gourd) Sabzi", "action_flag": 1, "change_message": "[{\"added\": {}}]"}}, {"model": "admin.logentry", "pk": 133, "fields": {"action_time": "2025-09-05T17:07:04.609Z", "user": 6, "content_type": 8, "object_id": "62", "object_repr": "Tomato Rasam + Steamed Vegetables", "action_flag": 1, "change_message": "[{\"added\": {}}]"}}, {"model": "admin.logentry", "pk": 134, "fields": {"action_time": "2025-09-05T17:09:28.041Z", "user": 6, "content_type": 8, "object_id": "63", "object_repr": "Vegetable Poha (with peas, carrots)", "action_flag": 1, "change_message": "[{\"added\": {}}]"}}, {"model": "admin.logentry", "pk": 135, "fields": {"action_time": "2025-09-05T17:11:19.325Z", "user": 6, "content_type": 8, "object_id": "64", "object_repr": "Whole Wheat Roti + Chana Masala (low oil)", "action_flag": 1, "change_message": "[{\"added\": {}}]"}}, {"model": "admin.logentry", "pk": 136, "fields": {"action_time": "2025-09-05T17:14:06.748Z", "user": 6, "content_type": 8, "object_id": "65", "object_repr": "Clear Vegetable Soup + Brown Rice (small portion)", "action_flag": 1, "change_message": "[{\"added\": {}}]"}}, {"model": "admin.logentry", "pk": 137, "fields": {"action_time": "2025-09-05T17:16:23.436Z", "user": 6, "content_type": 8, "object_id": "66", "object_repr": "Besan Chilla with Coriander Chutney", "action_flag": 1, "change_message": "[{\"added\": {}}]"}}, {"model": "admin.logentry", "pk": 138, "fields": {"action_time": "2025-09-05T17:18:24.557Z", "user": 6, "content_type": 8, "object_id": "67", "object_repr": "Brown Rice + Sambar (with drumstick, beans)", "action_flag": 1, "change_message": "[{\"added\": {}}]"}}, {"model": "admin.logentry", "pk": 139, "fields": {"action_time": "2025-09-05T17:19:54.163Z", "user": 6, "content_type": 8, "object_id": "68", "object_repr": "Methi Thepla (without oil) + Curd", "action_flag": 1, "change_message": "[{\"added\": {}}]"}}, {"model": "admin.logentry", "pk": 140, "fields": {"action_time": "2025-09-05T17:23:04.461Z", "user": 6, "content_type": 8, "object_id": "69", "object_repr": "Idli + Coconut Chutney (less oil)", "action_flag": 1, "change_message": "[{\"added\": {}}]"}}, {"model": "admin.logentry", "pk": 141, "fields": {"action_time": "2025-09-05T17:25:25.766Z", "user": 6, "content_type": 8, "object_id": "70", "object_repr": "Vegetable Pulao (with brown rice, peas, beans)", "action_flag": 1, "change_message": "[{\"added\": {}}]"}}, {"model": "admin.logentry", "pk": 142, "fields": {"action_time": "2025-09-05T17:27:27.467Z", "user": 6, "content_type": 8, "object_id": "71", "object_repr": "Moong Dal Khichdi (with vegetables)", "action_flag": 1, "change_message": "[{\"added\": {}}]"}}, {"model": "admin.logentry", "pk": 143, "fields": {"action_time": "2025-09-05T17:30:16.973Z", "user": 6, "content_type": 8, "object_id": "72", "object_repr": "Fruit Bowl (Papaya, Apple, Pomegranate)", "action_flag": 1, "change_message": "[{\"added\": {}}]"}}, {"model": "admin.logentry", "pk": 144, "fields": {"action_time": "2025-09-05T17:33:11.322Z", "user": 6, "content_type": 8, "object_id": "73", "object_repr": "Whole Wheat Roti + Bhindi (Okra) Sabzi", "action_flag": 1, "change_message": "[{\"added\": {}}]"}}, {"model": "admin.logentry", "pk": 145, "fields": {"action_time": "2025-09-05T17:34:51.965Z", "user": 6, "content_type": 8, "object_id": "74", "object_repr": "Clear Lentil Soup + Steamed Vegetables", "action_flag": 1, "change_message": "[{\"added\": {}}]"}}, {"model": "admin.logentry", "pk": 146, "fields": {"action_time": "2025-09-06T03:03:59.778Z", "user": 6, "content_type": 9, "object_id": "6", "object_repr": "Headache", "action_flag": 1, "change_message": "[{\"added\": {}}]"}}, {"model": "admin.logentry", "pk": 147, "fields": {"action_time": "2025-09-06T03:07:56.156Z", "user": 6, "content_type": 8, "object_id": "75", "object_repr": "Ragi Porridge with Banana", "action_flag": 1, "change_message": "[{\"added\": {}}]"}}, {"model": "admin.logentry", "pk": 148, "fields": {"action_time": "2025-09-06T03:09:35.601Z", "user": 6, "content_type": 8, "object_id": "76", "object_repr": "Brown Rice + Moong Dal + Spinach Sabzi", "action_flag": 1, "change_message": "[{\"added\": {}}]"}}, {"model": "admin.logentry", "pk": 149, "fields": {"action_time": "2025-09-06T03:12:02.289Z", "user": 6, "content_type": 8, "object_id": "77", "object_repr": "Vegetable Soup (carrot, spinach, tomato) + 2 Phulkas", "action_flag": 1, "change_message": "[{\"added\": {}}]"}}, {"model": "admin.logentry", "pk": 150, "fields": {"action_time": "2025-09-06T03:13:48.769Z", "user": 6, "content_type": 8, "object_id": "78", "object_repr": "Vegetable Poha (with peas, carrots, lemon)", "action_flag": 1, "change_message": "[{\"added\": {}}]"}}, {"model": "admin.logentry", "pk": 151, "fields": {"action_time": "2025-09-06T03:15:38.992Z", "user": 6, "content_type": 8, "object_id": "79", "object_repr": "Quinoa Khichdi with Vegetables", "action_flag": 1, "change_message": "[{\"added\": {}}]"}}, {"model": "admin.logentry", "pk": 152, "fields": {"action_time": "2025-09-06T03:17:18.545Z", "user": 6, "content_type": 8, "object_id": "80", "object_repr": "Palak Paneer + 2 Multigrain Rotis", "action_flag": 1, "change_message": "[{\"added\": {}}]"}}, {"model": "admin.logentry", "pk": 153, "fields": {"action_time": "2025-09-06T03:20:40.028Z", "user": 6, "content_type": 8, "object_id": "81", "object_repr": "Sprouts Salad with Lemon & Tomato", "action_flag": 1, "change_message": "[{\"added\": {}}]"}}, {"model": "admin.logentry", "pk": 154, "fields": {"action_time": "2025-09-06T03:23:21.158Z", "user": 6, "content_type": 8, "object_id": "82", "object_repr": "Bajra Roti + Lauki (Bottle Gourd) Curry", "action_flag": 1, "change_message": "[{\"added\": {}}]"}}, {"model": "admin.logentry", "pk": 155, "fields": {"action_time": "2025-09-06T03:25:58.756Z", "user": 6, "content_type": 8, "object_id": "83", "object_repr": "Tomato Rasam + Steamed Vegetables", "action_flag": 1, "change_message": "[{\"added\": {}}]"}}, {"model": "admin.logentry", "pk": 156, "fields": {"action_time": "2025-09-06T03:28:05.853Z", "user": 6, "content_type": 8, "object_id": "84", "object_repr": "Vegetable Upma (with carrots, beans, peas)", "action_flag": 1, "change_message": "[{\"added\": {}}]"}}, {"model": "admin.logentry", "pk": 157, "fields": {"action_time": "2025-09-06T03:30:15.318Z", "user": 6, "content_type": 8, "object_id": "85", "object_repr": "Whole Wheat Roti + Chole (low oil)", "action_flag": 1, "change_message": "[{\"added\": {}}]"}}, {"model": "admin.logentry", "pk": 158, "fields": {"action_time": "2025-09-06T03:32:13.520Z", "user": 6, "content_type": 8, "object_id": "86", "object_repr": "Vegetable Clear Soup + Brown Rice (small portion)", "action_flag": 1, "change_message": "[{\"added\": {}}]"}}, {"model": "admin.logentry", "pk": 159, "fields": {"action_time": "2025-09-06T03:33:44.169Z", "user": 6, "content_type": 8, "object_id": "87", "object_repr": "Besan Chilla with Coriander Chutney", "action_flag": 1, "change_message": "[{\"added\": {}}]"}}, {"model": "admin.logentry", "pk": 160, "fields": {"action_time": "2025-09-06T03:37:49.246Z", "user": 6, "content_type": 8, "object_id": "88", "object_repr": "Lemon Rice (brown rice) + Cucumber Raita", "action_flag": 1, "change_message": "[{\"added\": {}}]"}}, {"model": "admin.logentry", "pk": 161, "fields": {"action_time": "2025-09-06T03:40:56.305Z", "user": 6, "content_type": 8, "object_id": "89", "object_repr": "Methi Thepla (less oil) + Curd", "action_flag": 1, "change_message": "[{\"added\": {}}]"}}, {"model": "admin.logentry", "pk": 162, "fields": {"action_time": "2025-09-06T03:53:19.724Z", "user": 6, "content_type": 8, "object_id": "90", "object_repr": "Idli + Coconut Chutney (light)", "action_flag": 1, "change_message": "[{\"added\": {}}]"}}, {"model": "admin.logentry", "pk": 163, "fields": {"action_time": "2025-09-06T03:55:17.717Z", "user": 6, "content_type": 8, "object_id": "91", "object_repr": "Vegetable Pulao (brown rice, beans, peas)", "action_flag": 1, "change_message": "[{\"added\": {}}]"}}, {"model": "admin.logentry", "pk": 164, "fields": {"action_time": "2025-09-06T03:57:13.459Z", "user": 6, "content_type": 8, "object_id": "92", "object_repr": "Moong Dal Khichdi (with vegetables)", "action_flag": 1, "change_message": "[{\"added\": {}}]"}}, {"model": "admin.logentry", "pk": 165, "fields": {"action_time": "2025-09-06T03:59:49.493Z", "user": 6, "content_type": 8, "object_id": "93", "object_repr": "Fruit Bowl (Papaya, Watermelon, Pomegranate)", "action_flag": 1, "change_message": "[{\"added\": {}}]"}}, {"model": "admin.logentry", "pk": 166, "fields": {"action_time": "2025-09-06T04:03:01.168Z", "user": 6, "content_type": 8, "object_id": "94", "object_repr": "Whole Wheat Roti + Bhindi (Okra) Sabzi", "action_flag": 1, "change_message": "[{\"added\": {}}]"}}, {"model": "admin.logentry", "pk": 167, "fields": {"action_time": "2025-09-06T04:05:06.696Z", "user": 6, "content_type": 8, "object_id": "95", "object_repr": "Clear Lentil Soup + Steamed Vegetables", "action_flag": 1, "change_message": "[{\"added\": {}}]"}}, {"model": "admin.logentry", "pk": 168, "fields": {"action_time": "2025-09-07T05:04:11.552Z", "user": 6, "content_type": 9, "object_id": "7", "object_repr": "Cold and Cough", "action_flag": 1, "change_message": "[{\"added\": {}}]"}}, {"model": "admin.logentry", "pk": 169, "fields": {"action_time": "2025-09-07T05:07:02.173Z", "user": 6, "content_type": 8, "object_id": "96", "object_repr": "Turmeric Milk (Haldi Doodh) + Moong Dal Chilla", "action_flag": 1, "change_message": "[{\"added\": {}}]"}}, {"model": "admin.logentry", "pk": 170, "fields": {"action_time": "2025-09-07T05:09:00.625Z", "user": 6, "content_type": 8, "object_id": "97", "object_repr": "Brown Rice + Moong Dal Khichdi (with ginger, garlic)", "action_flag": 1, "change_message": "[{\"added\": {}}]"}}, {"model": "admin.logentry", "pk": 171, "fields": {"action_time": "2025-09-07T05:10:45.147Z", "user": 6, "content_type": 8, "object_id": "98", "object_repr": "Vegetable Soup (carrot, spinach, ginger) + 2 Phulkas", "action_flag": 1, "change_message": "[{\"added\": {}}]"}}, {"model": "admin.logentry", "pk": 172, "fields": {"action_time": "2025-09-07T05:12:02.476Z", "user": 6, "content_type": 8, "object_id": "99", "object_repr": "Vegetable Poha (with peas, lemon)", "action_flag": 1, "change_message": "[{\"added\": {}}]"}}, {"model": "admin.logentry", "pk": 173, "fields": {"action_time": "2025-09-07T05:13:24.709Z", "user": 6, "content_type": 8, "object_id": "100", "object_repr": "Quinoa Vegetable Upma (with ginger, curry leaves)", "action_flag": 1, "change_message": "[{\"added\": {}}]"}}, {"model": "admin.logentry", "pk": 174, "fields": {"action_time": "2025-09-07T05:15:23.256Z", "user": 6, "content_type": 8, "object_id": "101", "object_repr": "Palak Tofu Curry + 2 Multigrain Rotis", "action_flag": 1, "change_message": "[{\"added\": {}}]"}}, {"model": "admin.logentry", "pk": 175, "fields": {"action_time": "2025-09-07T05:17:02.894Z", "user": 6, "content_type": 8, "object_id": "102", "object_repr": "Ragi Porridge with Jaggery", "action_flag": 1, "change_message": "[{\"added\": {}}]"}}, {"model": "admin.logentry", "pk": 176, "fields": {"action_time": "2025-09-07T05:18:23.998Z", "user": 6, "content_type": 8, "object_id": "103", "object_repr": "Lemon Rasam + Steamed Rice", "action_flag": 1, "change_message": "[{\"added\": {}}]"}}, {"model": "admin.logentry", "pk": 177, "fields": {"action_time": "2025-09-07T05:19:53.718Z", "user": 6, "content_type": 8, "object_id": "104", "object_repr": "Tomato Soup + Steamed Vegetables", "action_flag": 1, "change_message": "[{\"added\": {}}]"}}, {"model": "admin.logentry", "pk": 178, "fields": {"action_time": "2025-09-07T05:22:12.394Z", "user": 6, "content_type": 8, "object_id": "105", "object_repr": "Idli + Sambar (with garlic and curry leaves)", "action_flag": 1, "change_message": "[{\"added\": {}}]"}}, {"model": "admin.logentry", "pk": 179, "fields": {"action_time": "2025-09-07T05:23:32.414Z", "user": 6, "content_type": 8, "object_id": "106", "object_repr": "Whole Wheat Roti + Chana Dal Curry (low oil)", "action_flag": 1, "change_message": "[{\"added\": {}}]"}}, {"model": "admin.logentry", "pk": 180, "fields": {"action_time": "2025-09-07T05:25:08.197Z", "user": 6, "content_type": 8, "object_id": "107", "object_repr": "Vegetable Clear Soup + Brown Rice (small portion)", "action_flag": 1, "change_message": "[{\"added\": {}}]"}}, {"model": "admin.logentry", "pk": 181, "fields": {"action_time": "2025-09-07T05:26:15.394Z", "user": 6, "content_type": 8, "object_id": "108", "object_repr": "Besan Chilla with Mint Chutney", "action_flag": 1, "change_message": "[{\"added\": {}}]"}}, {"model": "admin.logentry", "pk": 182, "fields": {"action_time": "2025-09-07T05:28:01.550Z", "user": 6, "content_type": 8, "object_id": "109", "object_repr": "Brown Rice + Sambar (with drumstick, beans, garlic)", "action_flag": 1, "change_message": "[{\"added\": {}}]"}}, {"model": "admin.logentry", "pk": 183, "fields": {"action_time": "2025-09-07T05:29:07.253Z", "user": 6, "content_type": 8, "object_id": "110", "object_repr": "Methi Thepla (less oil) + Curd", "action_flag": 1, "change_message": "[{\"added\": {}}]"}}, {"model": "admin.logentry", "pk": 184, "fields": {"action_time": "2025-09-07T05:30:42.540Z", "user": 6, "content_type": 8, "object_id": "111", "object_repr": "Ginger Tea + Vegetable Upma", "action_flag": 1, "change_message": "[{\"added\": {}}]"}}, {"model": "admin.logentry", "pk": 185, "fields": {"action_time": "2025-09-07T05:32:15.766Z", "user": 6, "content_type": 8, "object_id": "112", "object_repr": "Vegetable Pulao (brown rice, beans, peas)", "action_flag": 1, "change_message": "[{\"added\": {}}]"}}, {"model": "admin.logentry", "pk": 186, "fields": {"action_time": "2025-09-07T05:33:43.416Z", "user": 6, "content_type": 8, "object_id": "113", "object_repr": "Moong Dal Khichdi (with ginger, garlic, turmeric)", "action_flag": 1, "change_message": "[{\"added\": {}}]"}}, {"model": "admin.logentry", "pk": 187, "fields": {"action_time": "2025-09-07T05:35:20.513Z", "user": 6, "content_type": 8, "object_id": "114", "object_repr": "Fruit Bowl (Papaya, Orange, Pomegranate)", "action_flag": 1, "change_message": "[{\"added\": {}}]"}}, {"model": "admin.logentry", "pk": 188, "fields": {"action_time": "2025-09-07T05:36:36.340Z", "user": 6, "content_type": 8, "object_id": "115", "object_repr": "Whole Wheat Roti + Bhindi (Okra) Sabzi + Curd", "action_flag": 1, "change_message": "[{\"added\": {}}]"}}, {"model": "admin.logentry", "pk": 189, "fields": {"action_time": "2025-09-07T05:37:47.471Z", "user": 6, "content_type": 8, "object_id": "116", "object_repr": "Clear Lentil Soup + Steamed Vegetables", "action_flag": 1, "change_message": "[{\"added\": {}}]"}}, {"model": "admin.logentry", "pk": 190, "fields": {"action_time": "2025-09-07T05:40:34.462Z", "user": 6, "content_type": 8, "object_id": "109", "object_repr": "Brown Rice + Sambar (with drumstick, beans, garlic)", "action_flag": 2, "change_message": "[{\"changed\": {\"fields\": [\"Image\"]}}]"}}, {"model": "admin.logentry", "pk": 191, "fields": {"action_time": "2025-09-07T07:37:06.376Z", "user": 6, "content_type": 9, "object_id": "8", "object_repr": "Sore throat", "action_flag": 1, "change_message": "[{\"added\": {}}]"}}, {"model": "admin.logentry", "pk": 192, "fields": {"action_time": "2025-09-07T07:39:36.058Z", "user": 6, "content_type": 8, "object_id": "117", "object_repr": "Warm Suji (Rava) Porridge with Milk", "action_flag": 1, "change_message": "[{\"added\": {}}]"}}, {"model": "admin.logentry", "pk": 193, "fields": {"action_time": "2025-09-07T07:40:58.132Z", "user": 6, "content_type": 8, "object_id": "118", "object_repr": "Moong Dal Khichdi (soft cooked, with turmeric)", "action_flag": 1, "change_message": "[{\"added\": {}}]"}}, {"model": "admin.logentry", "pk": 194, "fields": {"action_time": "2025-09-07T07:42:28.629Z", "user": 6, "content_type": 8, "object_id": "119", "object_repr": "Carrot-Ginger Soup + 2 Soft Phulkas", "action_flag": 1, "change_message": "[{\"added\": {}}]"}}, {"model": "admin.logentry", "pk": 195, "fields": {"action_time": "2025-09-07T07:44:00.972Z", "user": 6, "content_type": 8, "object_id": "120", "object_repr": "Idli + Warm Rasam (light, not spicy)", "action_flag": 1, "change_message": "[{\"added\": {}}]"}}, {"model": "admin.logentry", "pk": 196, "fields": {"action_time": "2025-09-07T07:45:15.896Z", "user": 6, "content_type": 8, "object_id": "121", "object_repr": "Soft Vegetable Upma (with carrots, peas, beans)", "action_flag": 1, "change_message": "[{\"added\": {}}]"}}, {"model": "admin.logentry", "pk": 197, "fields": {"action_time": "2025-09-07T07:47:07.467Z", "user": 6, "content_type": 8, "object_id": "122", "object_repr": "Palak Soup + Steamed Rice", "action_flag": 1, "change_message": "[{\"added\": {}}]"}}, {"model": "admin.logentry", "pk": 198, "fields": {"action_time": "2025-09-07T07:50:35.749Z", "user": 6, "content_type": 8, "object_id": "123", "object_repr": "Rice Kanji (congee) with a little ghee", "action_flag": 1, "change_message": "[{\"added\": {}}]"}}, {"model": "admin.logentry", "pk": 199, "fields": {"action_time": "2025-09-07T07:52:10.995Z", "user": 6, "content_type": 8, "object_id": "124", "object_repr": "Curd Rice (room temperature, not cold)", "action_flag": 1, "change_message": "[{\"added\": {}}]"}}, {"model": "admin.logentry", "pk": 200, "fields": {"action_time": "2025-09-07T07:53:40.048Z", "user": 6, "content_type": 8, "object_id": "125", "object_repr": "Lauki (Bottle Gourd) Soup + 2 Soft Rotis", "action_flag": 1, "change_message": "[{\"added\": {}}]"}}, {"model": "admin.logentry", "pk": 201, "fields": {"action_time": "2025-09-07T07:55:01.732Z", "user": 6, "content_type": 8, "object_id": "126", "object_repr": "Dalia (Broken Wheat Porridge) with Milk", "action_flag": 1, "change_message": "[{\"added\": {}}]"}}, {"model": "admin.logentry", "pk": 202, "fields": {"action_time": "2025-09-07T07:56:51.775Z", "user": 6, "content_type": 8, "object_id": "127", "object_repr": "Steamed Rice + Moong Dal + Ghee", "action_flag": 1, "change_message": "[{\"added\": {}}]"}}, {"model": "admin.logentry", "pk": 203, "fields": {"action_time": "2025-09-07T07:58:18.070Z", "user": 6, "content_type": 8, "object_id": "128", "object_repr": "Vegetable Clear Soup (carrot, spinach, beans)", "action_flag": 1, "change_message": "[{\"added\": {}}]"}}, {"model": "admin.logentry", "pk": 204, "fields": {"action_time": "2025-09-07T07:59:34.200Z", "user": 6, "content_type": 8, "object_id": "129", "object_repr": "Ragi Porridge with Jaggery", "action_flag": 1, "change_message": "[{\"added\": {}}]"}}, {"model": "admin.logentry", "pk": 205, "fields": {"action_time": "2025-09-07T08:00:51.522Z", "user": 6, "content_type": 8, "object_id": "130", "object_repr": "Soft Phulkas + Moong Dal Curry (mild spices)", "action_flag": 1, "change_message": "[{\"added\": {}}]"}}, {"model": "admin.logentry", "pk": 206, "fields": {"action_time": "2025-09-07T08:02:13.592Z", "user": 6, "content_type": 8, "object_id": "131", "object_repr": "Tomato Soup + Soft Vegetable Rice", "action_flag": 1, "change_message": "[{\"added\": {}}]"}}, {"model": "admin.logentry", "pk": 207, "fields": {"action_time": "2025-09-07T08:03:31.036Z", "user": 6, "content_type": 8, "object_id": "132", "object_repr": "Oats Porridge with Honey", "action_flag": 1, "change_message": "[{\"added\": {}}]"}}, {"model": "admin.logentry", "pk": 208, "fields": {"action_time": "2025-09-07T08:05:20.792Z", "user": 6, "content_type": 8, "object_id": "133", "object_repr": "Vegetable Khichdi (with turmeric, ginger)", "action_flag": 1, "change_message": "[{\"added\": {}}]"}}, {"model": "admin.logentry", "pk": 209, "fields": {"action_time": "2025-09-07T08:07:43.259Z", "user": 6, "content_type": 8, "object_id": "134", "object_repr": "Palak Dal Soup + 2 Soft Rotis", "action_flag": 1, "change_message": "[{\"added\": {}}]"}}, {"model": "admin.logentry", "pk": 210, "fields": {"action_time": "2025-09-07T08:09:35.334Z", "user": 6, "content_type": 8, "object_id": "135", "object_repr": "Steamed Idiyappam (String Hoppers) + Warm Coconut Milk", "action_flag": 1, "change_message": "[{\"added\": {}}]"}}, {"model": "admin.logentry", "pk": 211, "fields": {"action_time": "2025-09-07T08:11:25.763Z", "user": 6, "content_type": 8, "object_id": "136", "object_repr": "Soft Rice + Rasam (with pepper, garlic, ginger)", "action_flag": 1, "change_message": "[{\"added\": {}}]"}}, {"model": "admin.logentry", "pk": 212, "fields": {"action_time": "2025-09-07T08:12:53.225Z", "user": 6, "content_type": 8, "object_id": "137", "object_repr": "Vegetable Barley Soup", "action_flag": 1, "change_message": "[{\"added\": {}}]"}}, {"model": "auth.permission", "pk": 1, "fields": {"name": "Can add log entry", "content_type": 1, "codename": "add_logentry"}}, {"model": "auth.permission", "pk": 2, "fields": {"name": "Can change log entry", "content_type": 1, "codename": "change_logentry"}}, {"model": "auth.permission", "pk": 3, "fields": {"name": "Can delete log entry", "content_type": 1, "codename": "delete_logentry"}}, {"model": "auth.permission", "pk": 4, "fields": {"name": "Can view log entry", "content_type": 1, "codename": "view_logentry"}}, {"model": "auth.permission", "pk": 5, "fields": {"name": "Can add permission", "content_type": 2, "codename": "add_permission"}}, {"model": "auth.permission", "pk": 6, "fields": {"name": "Can change permission", "content_type": 2, "codename": "change_permission"}}, {"model": "auth.permission", "pk": 7, "fields": {"name": "Can delete permission", "content_type": 2, "codename": "delete_permission"}}, {"model": "auth.permission", "pk": 8, "fields": {"name": "Can view permission", "content_type": 2, "codename": "view_permission"}}, {"model": "auth.permission", "pk": 9, "fields": {"name": "Can add group", "content_type": 3, "codename": "add_group"}}, {"model": "auth.permission", "pk": 10, "fields": {"name": "Can change group", "content_type": 3, "codename": "change_group"}}, {"model": "auth.permission", "pk": 11, "fields": {"name": "Can delete group", "content_type": 3, "codename": "delete_group"}}, {"model": "auth.permission", "pk": 12, "fields": {"name": "Can view group", "content_type": 3, "codename": "view_group"}}, {"model": "auth.permission", "pk": 13, "fields": {"name": "Can add user", "content_type": 4, "codename": "add_user"}}, {"model": "auth.permission", "pk": 14, "fields": {"name": "Can change user", "content_type": 4, "codename": "change_user"}}, {"model": "auth.permission", "pk": 15, "fields": {"name": "Can delete user", "content_type": 4, "codename": "delete_user"}}, {"model": "auth.permission", "pk": 16, "fields": {"name": "Can view user", "content_type": 4, "codename": "view_user"}}, {"model": "auth.permission", "pk": 17, "fields": {"name": "Can add content type", "content_type": 5, "codename": "add_contenttype"}}, {"model": "auth.permission", "pk": 18, "fields": {"name": "Can change content type", "content_type": 5, "codename": "change_contenttype"}}, {"model": "auth.permission", "pk": 19, "fields": {"name": "Can delete content type", "content_type": 5, "codename": "delete_contenttype"}}, {"model": "auth.permission", "pk": 20, "fields": {"name": "Can view content type", "content_type": 5, "codename": "view_contenttype"}}, {"model": "auth.permission", "pk": 21, "fields": {"name": "Can add session", "content_type": 6, "codename": "add_session"}}, {"model": "auth.permission", "pk": 22, "fields": {"name": "Can change session", "content_type": 6, "codename": "change_session"}}, {"model": "auth.permission", "pk": 23, "fields": {"name": "Can delete session", "content_type": 6, "codename": "delete_session"}}, {"model": "auth.permission", "pk": 24, "fields": {"name": "Can view session", "content_type": 6, "codename": "view_session"}}, {"model": "auth.permission", "pk": 25, "fields": {"name": "Can add incredients", "content_type": 7, "codename": "add_incredients"}}, {"model": "auth.permission", "pk": 26, "fields": {"name": "Can change incredients", "content_type": 7, "codename": "change_incredients"}}, {"model": "auth.permission", "pk": 27, "fields": {"name": "Can delete incredients", "content_type": 7, "codename": "delete_incredients"}}, {"model": "auth.permission", "pk": 28, "fields": {"name": "Can view incredients", "content_type": 7, "codename": "view_incredients"}}, {"model": "auth.permission", "pk": 29, "fields": {"name": "Can add meals", "content_type": 8, "codename": "add_meals"}}, {"model": "auth.permission", "pk": 30, "fields": {"name": "Can change meals", "content_type": 8, "codename": "change_meals"}}, {"model": "auth.permission", "pk": 31, "fields": {"name": "Can delete meals", "content_type": 8, "codename": "delete_meals"}}, {"model": "auth.permission", "pk": 32, "fields": {"name": "Can view meals", "content_type": 8, "codename": "view_meals"}}, {"model": "auth.permission", "pk": 33, "fields": {"name": "Can add ingredients", "content_type": 7, "codename": "add_ingredients"}}, {"model": "auth.permission", "pk": 34, "fields": {"name": "Can change ingredients", "content_type": 7, "codename": "change_ingredients"}}, {"model": "auth.permission", "pk": 35, "fields": {"name": "Can delete ingredients", "content_type": 7, "codename": "delete_ingredients"}}, {"model": "auth.permission", "pk": 36, "fields": {"name": "Can view ingredients", "content_type": 7, "codename": "view_ingredients"}}, {"model": "auth.permission", "pk": 37, "fields": {"name": "Can add disease", "content_type": 9, "codename": "add_disease"}}, {"model": "auth.permission", "pk": 38, "fields": {"name": "Can change disease", "content_type": 9, "codename": "change_disease"}}, {"model": "auth.permission", "pk": 39, "fields": {"name": "Can delete disease", "content_type": 9, "codename": "delete_disease"}}, {"model": "auth.permission", "pk": 40, "fields": {"name": "Can view disease", "content_type": 9, "codename": "view_disease"}}, {"model": "auth.user", "pk": 1, "fields": {"password": "pbkdf2_sha256$1000000$tlEqy5iQO1H2W9neHnJvQr$sDjfgFD5kFJd+FivSkIWpnqg1ENVGFYv7yi2CF7KsOo=", "last_login": "2025-09-08T03:26:37.006Z", "is_superuser": true, "username": "admin", "first_name": "", "last_name": "", "email": "vh9486@gmail.com", "is_staff": true, "is_active": true, "date_joined": "2025-08-05T13:48:39.980Z", "groups": [], "user_permissions": []}}, {"model": "auth.user", "pk": 5, "fields": {"password": "pbkdf2_sha256$1000000$qNHFeeQv3oV5Ajf4yPQRsn$Whry2oxdB+NuE4aj+poZqIYXQwlFdFPa+JEn+Y5PWHs=", "last_login": null, "is_superuser": false, "username": "Vishnu", "first_name": "", "last_name": "", "email": "", "is_staff": false, "is_active": true, "date_joined": "2025-09-01T05:52:13.772Z", "groups": [], "user_permissions": []}}, {"model": "auth.user", "pk": 6, "fields": {"password": "pbkdf2_sha256$1000000$xkd5mhFavl0FpZbefoBghu$RSbFwhVTsmmEWhmeybBnDajoWfLVwUY7xgV9O1W42hI=", "last_login": "2025-09-03T17:42:03.876Z", "is_superuser": true, "username": "abi", "first_name": "", "last_name": "", "email": "abi123@gmail.com", "is_staff": true, "is_active": true, "date_joined": "2025-09-03T17:39:30.178Z", "groups": [], "user_permissions": []}}, {"model": "contenttypes.contenttype", "pk": 1, "fields": {"app_label": "admin", "model": "logentry"}}, {"model": "contenttypes.contenttype", "pk": 2, "fields": {"app_label": "auth", "model": "permission"}}, {"model": "contenttypes.contenttype", "pk": 3, "fields": {"app_label": "auth", "model": "group"}}, {"model": "contenttypes.contenttype", "pk": 4, "fields": {"app_label": "auth", "model": "user"}}, {"model": "contenttypes.contenttype", "pk": 5, "fields": {"app_label": "contenttypes", "model": "contenttype"}}, {"model": "contenttypes.contenttype", "pk": 6, "fields": {"app_label": "sessions", "model": "session"}}, {"model": "contenttypes.contenttype", "pk": 7, "fields": {"app_label": "meals", "model": "ingredients"}}, {"model": "contenttypes.contenttype", "pk": 8, "fields": {"app_label": "meals", "model": "meals"}}, {"model": "contenttypes.contenttype", "pk": 9, "fields": {"app_label": "meals", "model": "disease"}}, {"model": "sessions.session", "pk": "4ee057su288rhd4gh3ia6xxurzcx8vcq", "fields": {"session_data": ".eJxVjDsOwjAQRO_iGln2-ruU9JzBWn_AAWRLcVIh7k4ipYBqpHlv5s0CrUsN6yhzmDI7M8lOv12k9CxtB_lB7d556m2Zp8h3hR908GvP5XU53L-DSqNua7QIhbTV6JV0whiMAsAkpdARapnAo9bO-ngraQtEk5xwVhsQQFjY5wuX6TXv:1ukDO9:TdNqMAzigTnrXNU5ve_QTJ7IKFv6l5xd85YN_m9mZoM", "expire_date": "2025-08-22T03:03:25.757Z"}}, {"model": "sessions.session", "pk": "5dka2ekwcsq88whaghg6905v13w4rx89", "fields": {"session_data": ".eJxVjDsOwjAQRO_iGln2-ruU9JzBWn_AAWRLcVIh7k4ipYBqpHlv5s0CrUsN6yhzmDI7M8lOv12k9CxtB_lB7d556m2Zp8h3hR908GvP5XU53L-DSqNua7QIhbTV6JV0whiMAsAkpdARapnAo9bO-ngraQtEk5xwVhsQQFjY5wuX6TXv:1uvSWb:5NVRRGOCMpOi1ddGdX5t2UYSRXGz0Qyl43jmkS2KmIs", "expire_date": "2025-09-22T03:26:37.017Z"}}, {"model": "sessions.session", "pk": "gmp1jfjp30zqp2em2669zvoa8dgrn7co", "fields": {"session_data": ".eJxVjDsOwjAQRO_iGln2-ruU9JzBWn_AAWRLcVIh7k4ipYBqpHlv5s0CrUsN6yhzmDI7M8lOv12k9CxtB_lB7d556m2Zp8h3hR908GvP5XU53L-DSqNua7QIhbTV6JV0whiMAsAkpdARapnAo9bO-ngraQtEk5xwVhsQQFjY5wuX6TXv:1ukZ6p:HjHm7RBVgnIF2o3uZKcP3gZTnMH2ZQbDcmayNiWLjjk", "expire_date": "2025-08-23T02:14:59.752Z"}}, {"model": "sessions.session", "pk": "iuu48kv1vtut768f8vfwqk7o1buiy689", "fields": {"session_data": ".eJxVjDsOwjAQRO_iGln2-ruU9JzBWn_AAWRLcVIh7k4ipYBqpHlv5s0CrUsN6yhzmDI7M8lOv12k9CxtB_lB7d556m2Zp8h3hR908GvP5XU53L-DSqNua7QIhbTV6JV0whiMAsAkpdARapnAo9bO-ngraQtEk5xwVhsQQFjY5wuX6TXv:1uowDZ:x-kaITKFkjr8hJCXXUMcXF3QLmbP_DUFozlbzRD8CsM", "expire_date": "2025-09-04T03:44:01.387Z"}}, {"model": "sessions.session", "pk": "jr6q3m91llhkit2xkxcaukop2mgozd6c", "fields": {"session_data": ".eJxVjDEOAiEQRe9CbQgDgmBp7xnIwDCyaiBZdivj3XWTLbT9773_EhHXpcZ1lDlOJM7CicPvljA_StsA3bHdusy9LfOU5KbInQ557VSel939O6g46rdOlHKxCrS1HIon5GNw6NlpTMYop4ggsGEVwAOcsgFvA6O2zvhMyoj3B_WON6Y:1utrUi:X1UDeKeyT-Zdbxv2gPVusH6bSQjrRUu7cwmO3W-pO6E", "expire_date": "2025-09-17T17:42:04.002Z"}}, {"model": "sessions.session", "pk": "nh8b9mzd3zj4ss1ln30adyx1iq5arj9k", "fields": {"session_data": ".eJxVjDsOwjAQRO_iGln2-ruU9JzBWn_AAWRLcVIh7k4ipYBqpHlv5s0CrUsN6yhzmDI7M8lOv12k9CxtB_lB7d556m2Zp8h3hR908GvP5XU53L-DSqNua7QIhbTV6JV0whiMAsAkpdARapnAo9bO-ngraQtEk5xwVhsQQFjY5wuX6TXv:1ujI2M:0_cN3EaZHYmvnqqEW8GJPfVO7drn03sFaHzGKbwBK18", "expire_date": "2025-08-19T13:49:06.102Z"}}, {"model": "meals.disease", "pk": 3, "fields": {"name": "Fever"}}, {"model": "meals.disease", "pk": 4, "fields": {"name": "Hyper Tension"}}, {"model": "meals.disease", "pk": 5, "fields": {"name": "Heart disease"}}, {"model": "meals.disease", "pk": 6, "fields": {"name": "Headache"}}, {"model": "meals.disease", "pk": 7, "fields": {"name": "Cold and Cough"}}, {"model": "meals.disease", "pk": 8, "fields": {"name": "Sore throat"}}, {"model": "meals.meals", "pk": 12, "fields": {"name": "Moong Dal Khichdi (soft, less spicy)", "description": "Easy to digest, provides energy and protein, gentle on stomach.", "image": "uploads/meals/Moong_Dal_Khichdi_soft_less_spicy_-_B.jfif", "nutrients": {"Calories": "220 kcal", "Protein": "9 g", "Carbohydrates": "38 g", "Vitamins": "B-complex", "Iron": "2 mg"}, "category": "breakfast", "diseases": [3]}}, {"model": "meals.meals", "pk": 13, "fields": {"name": "Curd Rice + Boiled Carrot & Beans", "description": "Curd supports digestion, rice gives energy, carrots add Vitamin A.", "image": "uploads/meals/Curd_Rice__Boiled_Carrot__Beans_-_L.jfif", "nutrients": {"Calories": "250 kcal", "Protein": "8 g", "Carbohydrates": "42 g", "Vitamins": "Vitamin A, Vitamin C", "Iron": "1.5 mg"}, "category": "lunch", "diseases": [3]}}, {"model": "meals.meals", "pk": 14, "fields": {"name": "Vegetable Clear Soup and Soft Roti", "description": "Hydrating, light, and rich in vitamins from veggies.", "image": "uploads/meals/Vegetable_Clear_Soup__1_Soft_Roti_-_D_aelR1iK.jfif", "nutrients": {"Calories": "180 kcal", "Protein": "6 g", "Carbohydrates": "30 g", "Vitamins": "Vitamin C, antioxidants", "Iron": "1 mg"}, "category": "dinner", "diseases": [3]}}, {"model": "meals.meals", "pk": 15, "fields": {"name": "Rava Upma", "description": "Soft semolina dish for easy digestion and energy.", "image": "uploads/meals/Rava_Upma_light_soft_-_B.jfif", "nutrients": {"Calories": "230 kcal", "Protein": "6 g", "Carbohydrates": "40 g", "Vitamins": "Vitamin B", "Iron": "1 mg"}, "category": "breakfast", "diseases": [3]}}, {"model": "meals.meals", "pk": 16, "fields": {"name": "Thin Dal , Rice and Spinach Sabzi", "description": "Dal provides protein, rice for energy, spinach adds iron.", "image": "uploads/meals/Thin_Dal__Rice__Spinach_Sabzi_-_L.jpg", "nutrients": {"Calories": "280 kcal", "Protein": "10 g", "Carbohydrates": "48 g", "Vitamins": "vitamin A, vitamin C", "Iron": "3 mg"}, "category": "lunch", "diseases": [3]}}, {"model": "meals.meals", "pk": 17, "fields": {"name": "Lemon Coriander Soup and 2 Soft Idlis", "description": "Soup hydrates & boosts immunity, idli is light & filling.", "image": "uploads/meals/Lemon_Coriander_Soup__2_Soft_Idlis_-_D.jfif", "nutrients": {"Calories": "200 kcal", "Protein": "7 g", "Carbohydrates": "34 g", "Vitamins": "Vitamin C", "Iron": "1 mg"}, "category": "dinner", "diseases": [3]}}, {"model": "meals.meals", "pk": 18, "fields": {"name": "Oats Porridge with Milk", "description": "Soft, filling, gives steady energy & protein.", "image": "uploads/meals/Oats_Porridge_with_Milk_-B.jfif", "nutrients": {"Calories": "210 kcal", "Protein": "8 g", "Carbohydrates": "35 g", "Vitamins": "Vitamin B ", "Iron": "2 mg"}, "category": "breakfast", "diseases": [3]}}, {"model": "meals.meals", "pk": 19, "fields": {"name": "Vegetable Khichdi with Curd", "description": "Balanced carbs, protein & probiotics for recovery.", "image": "uploads/meals/Vegetable_Khichdi__Curd_-_L.jfif", "nutrients": {"Calories": "260 kcal", "Protein": "9 g", "Carbohydrates": "44 g", "Vitamins": "Vitamin  A, Vitamin C", "Iron": "2 mg"}, "category": "lunch", "diseases": [3]}}, {"model": "meals.meals", "pk": 20, "fields": {"name": "Tomato Rasam with Soft Rice", "description": "Warm, tangy, helps digestion, Vitamin C rich.", "image": "uploads/meals/Tomato_Rasam__Soft_Rice_-D.jfif", "nutrients": {"Calories": "190 kcal", "Protein": "5 g", "Carbohydrates": "36 g", "Vitamins": "C", "Iron": "1 mg"}, "category": "dinner", "diseases": [3]}}, {"model": "meals.meals", "pk": 21, "fields": {"name": "Poha with Peas (light turmeric)", "description": "Light carbs, iron from peas & poha.", "image": "uploads/meals/Poha_with_Peas_light_turmeric_-_B.jfif", "nutrients": {"Calories": "220 kcal", "Protein": "6 g", "Carbohydrates": "40 g", "Vitamins": "B group", "Iron": "2mg"}, "category": "breakfast", "diseases": [3]}}, {"model": "meals.meals", "pk": 22, "fields": {"name": "Jeera Rice with Moong Dal Tadka (light)", "description": "Easy to digest, supports digestion, good protein.", "image": "uploads/meals/Jeera_Rice__Moong_Dal_Tadka_light_-_L.jfif", "nutrients": {"Calories": "270 kcal", "Protein": "9 g", "Carbohydrates": "46 g", "Vitamins": "A, B", "Iron": "2 mg"}, "category": "lunch", "diseases": [3]}}, {"model": "meals.meals", "pk": 23, "fields": {"name": "Vegetable Daliya (broken wheat porridge)", "description": "High in fiber, gives slow energy release.", "image": "uploads/meals/Vegetable_Daliya_broken_wheat_porridge_-_D.jfif", "nutrients": {"Calories": "210 kcal", "Protein": "7 g", "Carbohydrates": "38 g", "Vitamins": "A, C", "Iron": "2 mg"}, "category": "dinner", "diseases": [3]}}, {"model": "meals.meals", "pk": 24, "fields": {"name": "Idli with Coconut Chutney (lightly spiced)", "description": "Fermented food, easy carbs, mild healthy fats.", "image": "uploads/meals/Idli__Coconut_Chutney_lightly_spiced_-_B.jfif", "nutrients": {"Calories": "200 kcal", "Protein": "6 g", "Carbohydrates": "36 g", "Vitamins": "B group", "Iron": "1 mg"}, "category": "breakfast", "diseases": [3]}}, {"model": "meals.meals", "pk": 25, "fields": {"name": "Soft Chapati with Thin Dal", "description": "Hydrating & fiber-rich; light on stomach.", "image": "uploads/meals/Soft_Chapati__Lauki_Bottle_Gourd_Sabzi__Thin_Dal_-_L.jfif", "nutrients": {"Calories": "270 kcal", "Protein": "8 g", "Carbohydrates": "45 g", "Vitamins": "Vitamin C and Vitamin A", "Iron": "2 mg"}, "category": "lunch", "diseases": [3]}}, {"model": "meals.meals", "pk": 26, "fields": {"name": "Vegetable Soup with Upma", "description": "Vitamins from veggies, easy energy from upma.", "image": "uploads/meals/Vegetable_Soup__Upma_-_D.jfif", "nutrients": {"Calories": "220 kcal", "Protein": "7 g", "Carbohydrates": "39 g", "Vitamins": "Vitamin C, Vitamin B", "Iron": "1.5 mg"}, "category": "dinner", "diseases": [3]}}, {"model": "meals.meals", "pk": 27, "fields": {"name": "Rice Kanji (porridge) + Boiled Potato", "description": "Very light, provides quick energy & electrolytes.", "image": "uploads/meals/Rice_Kanji_porridge__Boiled_Potato__-_B.jfif", "nutrients": {"Calories": "190 kcal", "Protein": "4 g", "Carbohydrates": "40 g", "Vitamins": "C (from potato)", "Iron": "1 mg"}, "category": "breakfast", "diseases": [3]}}, {"model": "meals.meals", "pk": 28, "fields": {"name": "Curd Rice + Beetroot Poriyal", "description": "Curd helps gut, beetroot provides iron & antioxidants.", "image": "uploads/meals/Curd_Rice__Beetroot_Poriyal_-_L.jfif", "nutrients": {"Calories": "260 kcal", "Protein": "8 g", "Carbohydrates": "43 g", "Vitamins": "A, C", "Iron": "3 mg"}, "category": "lunch", "diseases": [3]}}, {"model": "meals.meals", "pk": 29, "fields": {"name": "Soft Khichdi + Carrot Soup", "description": "Gentle on stomach, Vitamin A from carrot.", "image": "uploads/meals/Soft_Khichdi__Carrot_Soup_-_D.jfif", "nutrients": {"Calories": "230kcal", "Protein": "8g", "Carbohydrates": "42 g", "Vitamins": "A, C", "Iron": "2 mg"}, "category": "dinner", "diseases": [3]}}, {"model": "meals.meals", "pk": 30, "fields": {"name": "Oats Upma with Carrot & Beans", "description": "Nutritious, rich in fiber, vitamins.", "image": "uploads/meals/Oats_Upma_with_Carrot__Beans_-_B.jfif", "nutrients": {"Calories": "220 kcal", "Protein": "7 g", "Carbohydrates": "40 g", "Vitamins": "A, B", "Iron": "2 mg"}, "category": "breakfast", "diseases": [3]}}, {"model": "meals.meals", "pk": 31, "fields": {"name": "Dal Rice + Pumpkin Curry", "description": "Protein from dal, Vitamin A from pumpkin, easily digestible.", "image": "uploads/meals/Dal_Rice__Pumpkin_Curry_-_L.jfif", "nutrients": {"Calories": "270 kcal", "Protein": "9g", "Carbohydrates": "46 g", "Vitamins": "A, C", "Iron": "2 mg"}, "category": "lunch", "diseases": [3]}}, {"model": "meals.meals", "pk": 32, "fields": {"name": "Vegetable Soup + Idli/Dosa (soft)", "description": "Light carbs from idli, vitamins from soup.", "image": "uploads/meals/Vegetable_Soup__Idli_Dosa_-_D.jfif", "nutrients": {"Calories": "210 kcal", "Protein": "7 g", "Carbohydrates": "38 g", "Vitamins": "C, B", "Iron": "1.5 mg"}, "category": "dinner", "diseases": [3]}}, {"model": "meals.meals", "pk": 33, "fields": {"name": "Vegetable Oats Upma (with carrot, beans)", "description": "High in fiber, helps reduce cholesterol and control BP.", "image": "uploads/meals/Vegetable_Oats_Upma_with_carrot_beans_-_B.jfif", "nutrients": {"Calories": "220 kcal", "Protein": "7 g", "Carbohydrates": "40 g", "Vitamins": "A, B", "Iron": "2 mg"}, "category": "breakfast", "diseases": [4]}}, {"model": "meals.meals", "pk": 34, "fields": {"name": "Brown Rice + Moong Dal + Cucumber Salad", "description": "Brown rice is high in fiber, dal gives protein, cucumber adds hydration & potassium.", "image": "uploads/meals/Brown_Rice__Moong_Dal__Cucumber_Salad_-_L.jfif", "nutrients": {"Calories": "300 kcal", "Protein": "10 g", "Carbohydrates": "52 g", "Vitamins": "C, B", "Iron": "3 mg"}, "category": "lunch", "diseases": [4]}}, {"model": "meals.meals", "pk": 35, "fields": {"name": "Vegetable Soup + 2 Phulkas (no oil)", "description": "Light dinner, full of antioxidants, helps in BP control.", "image": "uploads/meals/Vegetable_Soup__2_Phulkas_no_oil_-_D.jfif", "nutrients": {"Calories": "220 kcal", "Protein": "7 g", "Carbohydrates": "38 g", "Vitamins": "A, C", "Iron": "2 mg"}, "category": "dinner", "diseases": [4]}}, {"model": "meals.meals", "pk": 36, "fields": {"name": "Vegetable Poha with Peas", "description": "Light, iron-rich, good for energy and BP-friendly.", "image": "uploads/meals/Vegetable_Poha_with_Peas_-_B.jfif", "nutrients": {"Calories": "230 kcal", "Protein": "6 g", "Carbohydrates": "42 g", "Vitamins": "B, C", "Iron": "3 mg"}, "category": "breakfast", "diseases": [4]}}, {"model": "meals.meals", "pk": 37, "fields": {"name": "Chapati (2) + Lauki Curry + Thin Dal", "description": "Lauki helps control BP, chapati gives fiber.", "image": "uploads/meals/Chapati_2__Lauki_Curry__Thin_Dal_-_L.jfif", "nutrients": {"Calories": "280 kcal", "Protein": "9 g", "Carbohydrates": "50 g", "Vitamins": "A, C", "Iron": "2 mg"}, "category": "lunch", "diseases": [4]}}, {"model": "meals.meals", "pk": 38, "fields": {"name": "Brown Rice Khichdi + Beetroot Salad", "description": "Beetroot lowers BP naturally, khichdi is light & balanced.", "image": "uploads/meals/Brown_Rice_Khichdi__Beetroot_Salad_-_D.jfif", "nutrients": {"Calories": "250 kcal", "Protein": "8 g", "Carbohydrates": "45 g", "Vitamins": "A, C", "Iron": "3 mg"}, "category": "dinner", "diseases": [4]}}, {"model": "meals.meals", "pk": 39, "fields": {"name": "Ragi Dosa + Coconut Chutney", "description": "Ragi is calcium-rich & lowers BP, chutney provides healthy fats.", "image": "uploads/meals/Ragi_Dosa__Coconut_Chutney_-_B.jfif", "nutrients": {"Calories": "240 kcal", "Protein": "7 g", "Carbohydrates": "40 g", "Vitamins": "B group", "Iron": "2 mg"}, "category": "breakfast", "diseases": [4]}}, {"model": "meals.meals", "pk": 40, "fields": {"name": "Brown Rice + Sambar (with drumstick, beans, carrot)", "description": "Fiber-rich & vegetable-packed, low in oil, supports BP control.", "image": "uploads/meals/Brown_Rice__Sambar_with_drumstick_beans_carrot_-_L.jpg", "nutrients": {"Calories": "290 kcal", "Protein": "9 g", "Carbohydrates": "50 g", "Vitamins": "A, C", "Iron": "3 mg"}, "category": "lunch", "diseases": [4]}}, {"model": "meals.meals", "pk": 41, "fields": {"name": "Broken Wheat (Daliya) Khichdi + Palak Soup", "description": "High fiber from daliya, iron-rich spinach helps circulation.", "image": "uploads/meals/Broken_Wheat_Daliya_Khichdi__Palak_Soup_-_D.jfif", "nutrients": {"Calories": "260 kcal", "Protein": "8 g", "Carbohydrates": "46 g", "Vitamins": "A, C", "Iron": "4 mg"}, "category": "dinner", "diseases": [4]}}, {"model": "meals.meals", "pk": 42, "fields": {"name": "Vegetable Idli (with carrot, spinach) + Sambar", "description": "Steamed food, fiber-rich, low in fat.", "image": "uploads/meals/Vegetable_Idli_with_carrot_spinach__Sambar_-_B.jpg", "nutrients": {"Calories": "210 kcal", "Protein": "7 g", "Carbohydrates": "38 g", "Vitamins": "A, B, C", "Iron": "2 mg"}, "category": "breakfast", "diseases": [4]}}, {"model": "meals.meals", "pk": 43, "fields": {"name": "Bajra Roti (2) + Bhindi Curry + Dal", "description": "Bajra is heart-healthy, okra helps digestion.", "image": "uploads/meals/Bajra_Roti_2__Bhindi_Curry__Dal_-_L.jfif", "nutrients": {"Calories": "300 kcal", "Protein": "10 g", "Carbohydrates": "52 g", "Vitamins": "A, C", "Iron": "4 mg"}, "category": "lunch", "diseases": [4]}}, {"model": "meals.meals", "pk": 44, "fields": {"name": "Vegetable Upma + Tomato Soup", "description": "Easy to digest, tomato adds antioxidants (lycopene).", "image": "uploads/meals/Vegetable_Upma__Tomato_Soup_-_D.jfif", "nutrients": {"Calories": "230 kcal", "Protein": "7 g", "Carbohydrates": "42 g", "Vitamins": "C", "Iron": "2 mg"}, "category": "dinner", "diseases": [4]}}, {"model": "meals.meals", "pk": 45, "fields": {"name": "Sprouts Salad (with onion, tomato, lemon)", "description": "High protein & fiber, good for BP and heart.", "image": "uploads/meals/Sprouts_Salad_with_onion_tomato_lemon_-_B.jfif", "nutrients": {"Calories": "200 kcal", "Protein": "12 g", "Carbohydrates": "30 g", "Vitamins": "C, B", "Iron": "4 mg"}, "category": "breakfast", "diseases": [4]}}, {"model": "meals.meals", "pk": 46, "fields": {"name": "Red Rice + Dal + Beetroot Curry", "description": "Red rice is fiber-rich, beetroot supports BP control.", "image": "uploads/meals/Red_Rice__Dal__Beetroot_Curry_-_L.jfif", "nutrients": {"Calories": "290 kcal", "Protein": "9 g", "Carbohydrates": "52 g", "Vitamins": "A, C", "Iron": "3 mg"}, "category": "lunch", "diseases": [4]}}, {"model": "meals.meals", "pk": 47, "fields": {"name": "Vegetable Daliya + Cabbage Stir Fry", "description": "High fiber, low oil, easy dinner.", "image": "uploads/meals/Vegetable_Daliya__Cabbage_Stir_Fry_-_D.jfif", "nutrients": {"Calories": "240 kcal", "Protein": "8 g", "Carbohydrates": "44 g", "Vitamins": "B, C", "Iron": "2 mg"}, "category": "dinner", "diseases": [4]}}, {"model": "meals.meals", "pk": 48, "fields": {"name": "Vegetable Rava Idli + Coconut Chutney", "description": "Light, steamed, coconut provides healthy fats.", "image": "uploads/meals/Vegetable_Rava_Idli__Coconut_Chutney_-_B.jfif", "nutrients": {"Calories": "210 kcal", "Protein": "6 g", "Carbohydrates": "38 g", "Vitamins": "B, C", "Iron": "1.5 mg"}, "category": "breakfast", "diseases": [4]}}, {"model": "meals.meals", "pk": 49, "fields": {"name": "Chapati (2) + Palak Dal + Carrot Salad", "description": "Iron & potassium rich, supports heart & BP.", "image": "uploads/meals/Chapati_2__Palak_Dal__Carrot_Salad_-_L.jfif", "nutrients": {"Calories": "280 kcal", "Protein": "10 g", "Carbohydrates": "48 g", "Vitamins": "A, C", "Iron": "4 mg"}, "category": "lunch", "diseases": [4]}}, {"model": "meals.meals", "pk": 50, "fields": {"name": "Brown Rice Khichdi + Lauki Soup", "description": "Hydrating, very light, balances sodium & potassium.", "image": "uploads/meals/Brown_Rice_Khichdi__Lauki_Soup_-_D.jfif", "nutrients": {"Calories": "240 kcal", "Protein": "8 g", "Carbohydrates": "42 g", "Vitamins": "C", "Iron": "2 mg"}, "category": "dinner", "diseases": [4]}}, {"model": "meals.meals", "pk": 51, "fields": {"name": "Vegetable Dhokla + Mint Chutney", "description": "Steamed, light, protein-rich from gram flour.", "image": "uploads/meals/Vegetable_Dhokla__Mint_Chutney_-_B.jfif", "nutrients": {"Calories": "220 kcal", "Protein": "8 g", "Carbohydrates": "36 g", "Vitamins": "B, C", "Iron": "3 mg"}, "category": "breakfast", "diseases": [4]}}, {"model": "meals.meals", "pk": 52, "fields": {"name": "Millet Rice + Thin Dal + Pumpkin Curry", "description": "Millet supports BP, pumpkin rich in Vitamin A.", "image": "uploads/meals/Millet_Rice__Thin_Dal__Pumpkin_Curry_-_L.jfif", "nutrients": {"Calories": "280 kcal", "Protein": "9 g", "Carbohydrates": "50 g", "Vitamins": "A, C", "Iron": "2 mg"}, "category": "lunch", "diseases": [4]}}, {"model": "meals.meals", "pk": 53, "fields": {"name": "Vegetable Clear Soup + 2 Phulkas", "description": "Simple & light for BP-friendly dinner.", "image": "uploads/meals/Vegetable_Clear_Soup__2_Phulkas_-_D.jfif", "nutrients": {"Calories": "200 kcal", "Protein": "7 g", "Carbohydrates": "36 g", "Vitamins": "C", "Iron": "1.5 mg"}, "category": "dinner", "diseases": [4]}}, {"model": "meals.meals", "pk": 54, "fields": {"name": "Vegetable Oats Upma (with carrot, beans)", "description": "High in fiber, helps reduce cholesterol and control BP.", "image": "uploads/meals/Vegetable_Oats_Upma_with_carrot_beans_-_B_AVhR92K.jfif", "nutrients": {"Calories": "220 kcal", "Protein": "7 g", "Carbohydrates": "40 g", "Vitamins": "A, B", "Iron": "2 mg"}, "category": "breakfast", "diseases": [5]}}, {"model": "meals.meals", "pk": 55, "fields": {"name": "Brown Rice + Moong Dal + Cucumber Salad", "description": "Brown rice is high in fiber, dal gives protein, cucumber adds hydration & potassium.", "image": "uploads/meals/Brown_Rice__Moong_Dal__Cucumber_Salad_-_L.jpg", "nutrients": {"Calories": "300 kcal", "Protein": "10 g", "Carbohydrates": "52 g", "Vitamins": "C, B", "Iron": "3 mg"}, "category": "lunch", "diseases": [5]}}, {"model": "meals.meals", "pk": 56, "fields": {"name": "Vegetable Soup + 2 Phulkas (no oil)", "description": "Light dinner, full of antioxidants, helps in BP control.", "image": "uploads/meals/Vegetable_Soup__2_Phulkas_no_oil_-_D_XTRXeek.jfif", "nutrients": {"Calories": "220 kcal", "Protein": "7 g", "Carbohydrates": "38 g", "Vitamins": "A, C", "Iron": "2 mg"}, "category": "dinner", "diseases": [5]}}, {"model": "meals.meals", "pk": 57, "fields": {"name": "Ragi Porridge with Nuts", "description": "Ragi is rich in calcium and fiber, improves heart health and reduces cholesterol.", "image": "uploads/meals/Ragi_Porridge_with_Nuts_-_B.jfif", "nutrients": {"Calories": "230 kcal", "Protein": "8 g", "Carbohydrates": "42 g", "Vitamins": "B, E", "Iron": "3 mg"}, "category": "breakfast", "diseases": [5]}}, {"model": "meals.meals", "pk": 58, "fields": {"name": "Quinoa Khichdi with Vegetables", "description": "High protein, low GI meal that supports heart and weight management.", "image": "uploads/meals/Quinoa_Khichdi_with_Vegetables_-_L.jfif", "nutrients": {"Calories": "320 kcal", "Protein": "11 g", "Carbohydrates": "50 g", "Vitamins": "C, B", "Iron": "3 mg"}, "category": "lunch", "diseases": [5]}}, {"model": "meals.meals", "pk": 59, "fields": {"name": "Palak Tofu + 2 Multigrain Rotis", "description": "Spinach and tofu provide iron, protein, and antioxidants, good for blood circulation.", "image": "uploads/meals/Palak_Tofu__2_Multigrain_Rotis_-_D.webp", "nutrients": {"Calories": "280 kcal", "Protein": "14 g", "Carbohydrates": "36 g", "Vitamins": "A, C, K", "Iron": "4 mg"}, "category": "dinner", "diseases": [5]}}, {"model": "meals.meals", "pk": 60, "fields": {"name": "Sprouts Salad with Lemon", "description": "Protein-rich and vitamin C from lemon helps in better iron absorption.", "image": "uploads/meals/Sprouts_Salad_with_Lemon_-_B.jfif", "nutrients": {"Calories": "180 kcal", "Protein": "10 g", "Carbohydrates": "28 g", "Vitamins": "C, B", "Iron": "3 mg"}, "category": "breakfast", "diseases": [5]}}, {"model": "meals.meals", "pk": 61, "fields": {"name": "Bajra Roti + Lauki (Bottle Gourd) Sabzi", "description": "Bajra is rich in fiber and magnesium, good for BP control.", "image": "uploads/meals/Bajra_Roti__Lauki_Bottle_Gourd_Sabzi_-_L.jfif", "nutrients": {"Calories": "290 kcal", "Protein": "9 g", "Carbohydrates": "48 g", "Vitamins": "B, C", "Iron": "2.5 mg"}, "category": "lunch", "diseases": [5]}}, {"model": "meals.meals", "pk": 62, "fields": {"name": "Tomato Rasam + Steamed Vegetables", "description": "Light and tangy soup with antioxidants, supports digestion and heart function.", "image": "uploads/meals/Tomato_Rasam__Steamed_Vegetables_-_D.jpg", "nutrients": {"Calories": "210 kcal", "Protein": "6 g", "Carbohydrates": "32 g", "Vitamins": "A, C", "Iron": "2 mg"}, "category": "dinner", "diseases": [5]}}, {"model": "meals.meals", "pk": 63, "fields": {"name": "Vegetable Poha (with peas, carrots)", "description": "Low-fat, light, and iron-rich meal, easy to digest.", "image": "uploads/meals/Vegetable_Poha_with_peas_carrots_-_B.jfif", "nutrients": {"Calories": "220 kcal", "Protein": "6 g", "Carbohydrates": "41 g", "Vitamins": "B, C", "Iron": "3 mg"}, "category": "breakfast", "diseases": [5]}}, {"model": "meals.meals", "pk": 64, "fields": {"name": "Whole Wheat Roti + Chana Masala (low oil)", "description": "Provides protein, fiber, and iron, supports stable blood sugar.", "image": "uploads/meals/Whole_Wheat_Roti__Chana_Masala_low_oil_-_L.jfif", "nutrients": {"Calories": "310 kcal", "Protein": "12 g", "Carbohydrates": "50 g", "Vitamins": "B, C", "Iron": "4 mg"}, "category": "lunch", "diseases": [5]}}, {"model": "meals.meals", "pk": 65, "fields": {"name": "Clear Vegetable Soup + Brown Rice (small portion)", "description": "Light dinner with antioxidants and complex carbs", "image": "uploads/meals/Clear_Vegetable_Soup__Brown_Rice_small_portion_-_D.jfif", "nutrients": {"Calories": "230 kcal", "Protein": "7 g", "Carbohydrates": "37 g", "Vitamins": "A, C", "Iron": "2.5 mg"}, "category": "dinner", "diseases": [5]}}, {"model": "meals.meals", "pk": 66, "fields": {"name": "Besan Chilla with Coriander Chutney", "description": "Gram flour pancakes high in protein, fiber, and iron.", "image": "uploads/meals/Besan_Chilla_with_Coriander_Chutney_-_B.jfif", "nutrients": {"Calories": "210 kcal", "Protein": "9 g", "Carbohydrates": "34 g", "Vitamins": "B, E", "Iron": "3 mg"}, "category": "breakfast", "diseases": [5]}}, {"model": "meals.meals", "pk": 67, "fields": {"name": "Brown Rice + Sambar (with drumstick, beans)", "description": "Rich in fiber, antioxidants, and plant protein, good for cholesterol control.", "image": "uploads/meals/Brown_Rice__Sambar_with_drumstick_beans_-_L.jfif", "nutrients": {"Calories": "330 kcal", "Protein": "11 g", "Carbohydrates": "54 g", "Vitamins": "A, C", "Iron": "3.5 mg"}, "category": "lunch", "diseases": [5]}}, {"model": "meals.meals", "pk": 68, "fields": {"name": "Methi Thepla (without oil) + Curd", "description": "Whole wheat and fenugreek add fiber and iron, curd aids digestion.", "image": "uploads/meals/Methi_Thepla_without_oil__Curd_-_D.jfif", "nutrients": {"Calories": "240 kcal", "Protein": "8 g", "Carbohydrates": "38 g", "Vitamins": "A, B", "Iron": "2.8 mg"}, "category": "dinner", "diseases": [5]}}, {"model": "meals.meals", "pk": 69, "fields": {"name": "Idli + Coconut Chutney (less oil)", "description": "Steamed, light, and probiotic-rich for gut and heart health.", "image": "uploads/meals/Idli__Coconut_Chutney_less_oil_-_B.jfif", "nutrients": {"Calories": "200 kcal", "Protein": "6 g", "Carbohydrates": "36 g", "Vitamins": "B, C", "Iron": "2 mg"}, "category": "breakfast", "diseases": [5]}}, {"model": "meals.meals", "pk": 70, "fields": {"name": "Vegetable Pulao (with brown rice, peas, beans)", "description": "High in fiber and complex carbs, low in fat, good for sustained energy.", "image": "uploads/meals/Vegetable_Pulao_with_brown_rice_peas_beans_-_L.jfif", "nutrients": {"Calories": "320 kcal", "Protein": "10 g", "Carbohydrates": "55 g", "Vitamins": "C, B", "Iron": "3 mg"}, "category": "lunch", "diseases": [5]}}, {"model": "meals.meals", "pk": 71, "fields": {"name": "Moong Dal Khichdi (with vegetables)", "description": "Easily digestible, protein-rich, and low in fat.", "image": "uploads/meals/Moong_Dal_Khichdi_with_vegetables_-_D.jfif", "nutrients": {"Calories": "250 kcal", "Protein": "9 g", "Carbohydrates": "42 g", "Vitamins": "A, C", "Iron": "2.5 mg"}, "category": "dinner", "diseases": [5]}}, {"model": "meals.meals", "pk": 72, "fields": {"name": "Fruit Bowl (Papaya, Apple, Pomegranate)", "description": "Rich in fiber, antioxidants, and vitamins for heart protection.", "image": "uploads/meals/Fruit_Bowl_Papaya_Apple_Pomegranate_-_B.jfif", "nutrients": {"Calories": "180 kcal", "Protein": "4 g", "Carbohydrates": "35 g", "Vitamins": "A, C", "Iron": "2 mg"}, "category": "breakfast", "diseases": [5]}}, {"model": "meals.meals", "pk": 73, "fields": {"name": "Whole Wheat Roti + Bhindi (Okra) Sabzi", "description": "Okra is high in fiber and antioxidants, roti gives complex carbs.", "image": "uploads/meals/Whole_Wheat_Roti__Bhindi_Okra_Sabzi_-_L.jfif", "nutrients": {"Calories": "280 kcal", "Protein": "9 g", "Carbohydrates": "46 g", "Vitamins": "C, B", "Iron": "2.5 mg"}, "category": "lunch", "diseases": [5]}}, {"model": "meals.meals", "pk": 74, "fields": {"name": "Clear Lentil Soup + Steamed Vegetables", "description": "Very light, protein and vitamin-rich dinner for easy digestion and heart safety.", "image": "uploads/meals/Clear_Lentil_Soup__Steamed_Vegetables_-_D.jfif", "nutrients": {"Calories": "200 kcal", "Protein": "8 g", "Carbohydrates": "30 g", "Vitamins": "A, C", "Iron": "2 mg"}, "category": "dinner", "diseases": [5]}}, {"model": "meals.meals", "pk": 75, "fields": {"name": "Ragi Porridge with Banana", "description": "Ragi is rich in magnesium and iron, banana gives potassium to ease headache.", "image": "uploads/meals/Ragi_Porridge_with_Banana_-_B.jfif", "nutrients": {"Calories": "230 kcal", "Protein": "6 g", "Carbohydrates": "45 g", "Vitamins": "B6, C", "Iron": "3 mg"}, "category": "breakfast", "diseases": [6]}}, {"model": "meals.meals", "pk": 76, "fields": {"name": "Brown Rice + Moong Dal + Spinach Sabzi", "description": "Balanced meal with protein, fiber, and spinach for iron & folate to reduce fatigue headaches.", "image": "uploads/meals/Brown_Rice__Moong_Dal__Spinach_Sabzi_-_L.jfif", "nutrients": {"Calories": "320 kcal", "Protein": "11 g", "Carbohydrates": "55 g", "Vitamins": "A, B, C", "Iron": "4 mg"}, "category": "lunch", "diseases": [6]}}, {"model": "meals.meals", "pk": 77, "fields": {"name": "Vegetable Soup (carrot, spinach, tomato) + 2 Phulkas", "description": "Hydrating and rich in antioxidants, light for evening digestion.", "image": "uploads/meals/Vegetable_Soup_carrot_spinach_tomato__2_Phulkas_-_D.jfif", "nutrients": {"Calories": "210 kcal", "Protein": "7 g", "Carbohydrates": "36 g", "Vitamins": "A, C", "Iron": "2.5 mg"}, "category": "dinner", "diseases": [6]}}, {"model": "meals.meals", "pk": 78, "fields": {"name": "Vegetable Poha (with peas, carrots, lemon)", "description": "Light, iron-rich, with lemon for vitamin C aiding iron absorption.", "image": "uploads/meals/Vegetable_Poha_with_peas_carrots_lemon_-_B.jfif", "nutrients": {"Calories": "220 kcal", "Protein": "6 g", "Carbohydrates": "42 g", "Vitamins": "C, B", "Iron": "3 mg"}, "category": "breakfast", "diseases": [6]}}, {"model": "meals.meals", "pk": 79, "fields": {"name": "Quinoa Khichdi with Vegetables", "description": "Magnesium-rich quinoa helps muscle relaxation, prevents tension headaches.", "image": "uploads/meals/Quinoa_Khichdi_with_Vegetables_-_L_jXUPAmK.jfif", "nutrients": {"Calories": "310 kcal", "Protein": "10 g", "Carbohydrates": "50 g", "Vitamins": "B, C", "Iron": "3 mg"}, "category": "lunch", "diseases": [6]}}, {"model": "meals.meals", "pk": 80, "fields": {"name": "Palak Paneer + 2 Multigrain Rotis", "description": "High in protein, iron, and vitamin A; good for circulation and energy.", "image": "uploads/meals/Palak_Paneer__2_Multigrain_Rotis_-_D.jfif", "nutrients": {"Calories": "280 kcal", "Protein": "13 g", "Carbohydrates": "34 g", "Vitamins": "A, C, K", "Iron": "4 mg"}, "category": "dinner", "diseases": [6]}}, {"model": "meals.meals", "pk": 81, "fields": {"name": "Sprouts Salad with Lemon & Tomato", "description": "Fresh, protein-rich, vitamin C boosts iron absorption; reduces fatigue headaches.", "image": "uploads/meals/Sprouts_Salad_with_Lemon__Tomato_-_B.jfif", "nutrients": {"Calories": "190 kcal", "Protein": "9 g", "Carbohydrates": "30 g", "Vitamins": "C, B", "Iron": "3 mg"}, "category": "breakfast", "diseases": [6]}}, {"model": "meals.meals", "pk": 82, "fields": {"name": "Bajra Roti + Lauki (Bottle Gourd) Curry", "description": "Hydrating lauki and fiber-rich bajra aid digestion and hydration.", "image": "uploads/meals/Bajra_Roti__Lauki_Bottle_Gourd_Curry_-_L.jfif", "nutrients": {"Calories": "280 kcal", "Protein": "8 g", "Carbohydrates": "47 g", "Vitamins": "B, C", "Iron": "2.8 mg"}, "category": "lunch", "diseases": [6]}}, {"model": "meals.meals", "pk": 83, "fields": {"name": "Tomato Rasam + Steamed Vegetables", "description": "Tangy, hydrating soup rich in antioxidants, easy on stomach.", "image": "uploads/meals/Tomato_Rasam__Steamed_Vegetables_-_D.jfif", "nutrients": {"Calories": "200 kcal", "Protein": "6 g", "Carbohydrates": "32 g", "Vitamins": "A, C", "Iron": "2 mg"}, "category": "dinner", "diseases": [6]}}, {"model": "meals.meals", "pk": 84, "fields": {"name": "Vegetable Upma (with carrots, beans, peas)", "description": "Light semolina dish with veggies for vitamins and fiber.", "image": "uploads/meals/Vegetable_Upma_with_carrots_beans_peas_-_B.jfif", "nutrients": {"Calories": "230 kcal", "Protein": "7 g", "Carbohydrates": "42 g", "Vitamins": "B, C", "Iron": "2.5 mg"}, "category": "breakfast", "diseases": [6]}}, {"model": "meals.meals", "pk": 85, "fields": {"name": "Whole Wheat Roti + Chole (low oil)", "description": "Chickpeas are rich in protein and magnesium, helpful for headache relief.", "image": "uploads/meals/Whole_Wheat_Roti__Chole_low_oil_-_L.jfif", "nutrients": {"Calories": "320 kcal", "Protein": "12 g", "Carbohydrates": "54 g", "Vitamins": "B, C", "Iron": "4 mg"}, "category": "lunch", "diseases": [6]}}, {"model": "meals.meals", "pk": 86, "fields": {"name": "Vegetable Clear Soup + Brown Rice (small portion)", "description": "Light dinner, antioxidant-rich, reduces evening headache triggers.", "image": "uploads/meals/Vegetable_Clear_Soup__Brown_Rice_small_portion_-_D.jfif", "nutrients": {"Calories": "220 kcal", "Protein": "7 g", "Carbohydrates": "35 g", "Vitamins": "A, C", "Iron": "2 mg"}, "category": "dinner", "diseases": [6]}}, {"model": "meals.meals", "pk": 87, "fields": {"name": "Besan Chilla with Coriander Chutney", "description": "Protein-rich and easy to digest, balances energy levels.", "image": "uploads/meals/Besan_Chilla_with_Coriander_Chutney_-_B_UUuolfI.jfif", "nutrients": {"Calories": "210 kcal", "Protein": "9 g", "Carbohydrates": "34 g", "Vitamins": "B, E", "Iron": "3 mg"}, "category": "breakfast", "diseases": [6]}}, {"model": "meals.meals", "pk": 88, "fields": {"name": "Lemon Rice (brown rice) + Cucumber Raita", "description": "Refreshing, hydrating, and vitamin C from lemon prevents tension headaches.", "image": "uploads/meals/Lemon_Rice_brown_rice__Cucumber_Raita_-_L.jfif", "nutrients": {"Calories": "300 kcal", "Protein": "9 g", "Carbohydrates": "52 g", "Vitamins": "C, B", "Iron": "2.8 mg"}, "category": "lunch", "diseases": [6]}}, {"model": "meals.meals", "pk": 89, "fields": {"name": "Methi Thepla (less oil) + Curd", "description": "Fenugreek and curd help digestion and hydration, reducing headache causes.", "image": "uploads/meals/Methi_Thepla_less_oil__Curd_-_D.jfif", "nutrients": {"Calories": "240 kcal", "Protein": "8 g", "Carbohydrates": "39 g", "Vitamins": "A, B", "Iron": "2.5 mg"}, "category": "dinner", "diseases": [6]}}, {"model": "meals.meals", "pk": 90, "fields": {"name": "Idli + Coconut Chutney (light)", "description": "Steamed, light, with healthy fats from coconut; supports gut and energy balance.", "image": "uploads/meals/Idli__Coconut_Chutney_light_-_B.jfif", "nutrients": {"Calories": "200 kcal", "Protein": "6 g", "Carbohydrates": "36 g", "Vitamins": "B, C", "Iron": "2 mg"}, "category": "breakfast", "diseases": [6]}}, {"model": "meals.meals", "pk": 91, "fields": {"name": "Vegetable Pulao (brown rice, beans, peas)", "description": "Provides complex carbs, fiber, and B vitamins for energy release.", "image": "uploads/meals/Vegetable_Pulao_brown_rice_beans_peas_-_L.jfif", "nutrients": {"Calories": "310 kcal", "Protein": "10 g", "Carbohydrates": "55 g", "Vitamins": "B, C", "Iron": "3 mg"}, "category": "lunch", "diseases": [6]}}, {"model": "meals.meals", "pk": 92, "fields": {"name": "Moong Dal Khichdi (with vegetables)", "description": "Easy to digest, light protein-rich dinner; prevents nighttime headaches.", "image": "uploads/meals/Moong_Dal_Khichdi_with_vegetables_-_D_ONqNzjm.jfif", "nutrients": {"Calories": "250 kcal", "Protein": "9 g", "Carbohydrates": "42 g", "Vitamins": "A, C", "Iron": "2.5 mg"}, "category": "dinner", "diseases": [6]}}, {"model": "meals.meals", "pk": 93, "fields": {"name": "Fruit Bowl (Papaya, Watermelon, Pomegranate)", "description": "Hydrating fruits rich in antioxidants and vitamin C.", "image": "uploads/meals/Fruit_Bowl_Papaya_Watermelon_Pomegranate_-_B.webp", "nutrients": {"Calories": "170 kcal", "Protein": "4 g", "Carbohydrates": "34 g", "Vitamins": "A, C", "Iron": "2 mg"}, "category": "breakfast", "diseases": [6]}}, {"model": "meals.meals", "pk": 94, "fields": {"name": "Whole Wheat Roti + Bhindi (Okra) Sabzi", "description": "Okra provides fiber and folate, roti adds complex carbs for sustained energy.", "image": "uploads/meals/Whole_Wheat_Roti__Bhindi_Okra_Sabzi_-_L_T59pgvE.jfif", "nutrients": {"Calories": "280 kcal", "Protein": "8 g", "Carbohydrates": "46 g", "Vitamins": "C, B", "Iron": "2.5 mg"}, "category": "lunch", "diseases": [6]}}, {"model": "meals.meals", "pk": 95, "fields": {"name": "Clear Lentil Soup + Steamed Vegetables", "description": "Very light dinner rich in protein and antioxidants, prevents heaviness and headache.", "image": "uploads/meals/Clear_Lentil_Soup__Steamed_Vegetables_-_D.jpg", "nutrients": {"Calories": "200 kcal", "Protein": "8 g", "Carbohydrates": "30 g", "Vitamins": "A, C", "Iron": "2 mg"}, "category": "dinner", "diseases": [6]}}, {"model": "meals.meals", "pk": 96, "fields": {"name": "Turmeric Milk (Haldi Doodh) + Moong Dal Chilla", "description": "Warm milk with turmeric boosts immunity; chilla gives protein for recovery.", "image": "uploads/meals/Turmeric_Milk_Haldi_Doodh__Moong_Dal_Chilla_-_B.jfif", "nutrients": {"Calories": "220 kcal", "Protein": "9 g", "Carbohydrates": "32 g", "Vitamins": "B, D", "Iron": "2.5 mg"}, "category": "breakfast", "diseases": [7]}}, {"model": "meals.meals", "pk": 97, "fields": {"name": "Brown Rice + Moong Dal Khichdi (with ginger, garlic)", "description": "Easily digestible, soothing, and anti-inflammatory.", "image": "uploads/meals/Brown_Rice__Moong_Dal_Khichdi_with_ginger_garlic_-_L.jfif", "nutrients": {"Calories": "310 kcal", "Protein": "10 g", "Carbohydrates": "52 g", "Vitamins": "A, C, B", "Iron": "3 mg"}, "category": "lunch", "diseases": [7]}}, {"model": "meals.meals", "pk": 98, "fields": {"name": "Vegetable Soup (carrot, spinach, ginger) + 2 Phulkas", "description": "Warm soup with antioxidants relieves congestion.", "image": "uploads/meals/Vegetable_Soup_carrot_spinach_ginger__2_Phulkas_-_D.jfif", "nutrients": {"Calories": "210 kcal", "Protein": "7 g", "Carbohydrates": "34 g", "Vitamins": "A, C", "Iron": "2 mg"}, "category": "dinner", "diseases": [7]}}, {"model": "meals.meals", "pk": 99, "fields": {"name": "Vegetable Poha (with peas, lemon)", "description": "Light, rich in vitamin C, helps boost energy during cold.", "image": "uploads/meals/Vegetable_Poha_with_peas_lemon_-_B.jfif", "nutrients": {"Calories": "230 kcal", "Protein": "6 g", "Carbohydrates": "42 g", "Vitamins": "C, B", "Iron": "3 mg"}, "category": "breakfast", "diseases": [7]}}, {"model": "meals.meals", "pk": 100, "fields": {"name": "Quinoa Vegetable Upma (with ginger, curry leaves)", "description": "Warm, fiber-rich dish with ginger for anti-inflammatory effect.", "image": "uploads/meals/Quinoa_Vegetable_Upma_with_ginger_curry_leaves_-_L.jfif", "nutrients": {"Calories": "300 kcal", "Protein": "9 g", "Carbohydrates": "50 g", "Vitamins": "B, C", "Iron": "2.8 mg"}, "category": "lunch", "diseases": [7]}}, {"model": "meals.meals", "pk": 101, "fields": {"name": "Palak Tofu Curry + 2 Multigrain Rotis", "description": "Iron, protein, and vitamin A rich to strengthen immunity.", "image": "uploads/meals/Palak_Tofu_Curry__2_Multigrain_Rotis_-_D.jfif", "nutrients": {"Calories": "280 kcal", "Protein": "13 g", "Carbohydrates": "35 g", "Vitamins": "A, C, K", "Iron": "4 mg"}, "category": "dinner", "diseases": [7]}}, {"model": "meals.meals", "pk": 102, "fields": {"name": "Ragi Porridge with Jaggery", "description": "Warm, soothing, rich in calcium and iron.", "image": "uploads/meals/Ragi_Porridge_with_Jaggery_-_B.jfif", "nutrients": {"Calories": "220 kcal", "Protein": "6 g", "Carbohydrates": "40 g", "Vitamins": "B, E", "Iron": "3 mg"}, "category": "breakfast", "diseases": [7]}}, {"model": "meals.meals", "pk": 103, "fields": {"name": "Lemon Rasam + Steamed Rice", "description": "Tangy, vitamin C rich, clears nasal passages.", "image": "uploads/meals/Lemon_Rasam__Steamed_Rice__-_L.jfif", "nutrients": {"Calories": "280 kcal", "Protein": "8 g", "Carbohydrates": "48 g", "Vitamins": "C, A", "Iron": "2.5 mg"}, "category": "lunch", "diseases": [7]}}, {"model": "meals.meals", "pk": 104, "fields": {"name": "Tomato Soup + Steamed Vegetables", "description": "Lycopene-rich, light, and immunity-boosting.", "image": "uploads/meals/Tomato_Soup__Steamed_Vegetables_-_D.jfif", "nutrients": {"Calories": "200 kcal", "Protein": "6 g", "Carbohydrates": "30 g", "Vitamins": "A, C", "Iron": "2 mg"}, "category": "dinner", "diseases": [7]}}, {"model": "meals.meals", "pk": 105, "fields": {"name": "Idli + Sambar (with garlic and curry leaves)", "description": "Steamed and light, sambar spices aid immunity.", "image": "uploads/meals/Idli__Sambar_with_garlic_and_curry_leaves_-_B.jfif", "nutrients": {"Calories": "210 kcal", "Protein": "7 g", "Carbohydrates": "36 g", "Vitamins": "B, C", "Iron": "2 mg"}, "category": "breakfast", "diseases": [7]}}, {"model": "meals.meals", "pk": 106, "fields": {"name": "Whole Wheat Roti + Chana Dal Curry (low oil)", "description": "Protein, fiber, and iron-rich, strengthens body during cold.", "image": "uploads/meals/Whole_Wheat_Roti__Chana_Dal_Curry_low_oil_-_L.jfif", "nutrients": {"Calories": "310 kcal", "Protein": "12 g", "Carbohydrates": "50 g", "Vitamins": "B, C", "Iron": "3.5 mg"}, "category": "lunch", "diseases": [7]}}, {"model": "meals.meals", "pk": 107, "fields": {"name": "Vegetable Clear Soup + Brown Rice (small portion)", "description": "Easy on digestion, full of antioxidants and warmth.", "image": "uploads/meals/Vegetable_Clear_Soup__Brown_Rice_small_portion_-_D_j6l38l0.jfif", "nutrients": {"Calories": "220 kcal", "Protein": "7 g", "Carbohydrates": "35 g", "Vitamins": "A, C", "Iron": "2.5 mg"}, "category": "dinner", "diseases": [7]}}, {"model": "meals.meals", "pk": 108, "fields": {"name": "Besan Chilla with Mint Chutney", "description": "Protein-rich, mint clears congestion.", "image": "uploads/meals/Besan_Chilla_with_Mint_Chutney_-_B.jfif", "nutrients": {"Calories": "210 kcal", "Protein": "9 g", "Carbohydrates": "34 g", "Vitamins": "B, C", "Iron": "3 mg"}, "category": "breakfast", "diseases": [7]}}, {"model": "meals.meals", "pk": 109, "fields": {"name": "Brown Rice + Sambar (with drumstick, beans, garlic)", "description": "High in antioxidants and protein, helps fight infection.", "image": "uploads/meals/Brown_Rice__Sambar_with_drumstick_beans_garlic__-_L.jfif", "nutrients": {"Calories": "330 kcal", "Protein": "11 g", "Carbohydrates": "54 g", "Vitamins": "A, C", "Iron": "3.5 mg"}, "category": "lunch", "diseases": [7]}}, {"model": "meals.meals", "pk": 110, "fields": {"name": "Methi Thepla (less oil) + Curd", "description": "Fenugreek boosts immunity, curd provides probiotics.", "image": "uploads/meals/Methi_Thepla_less_oil__Curd_-_D_87BDpQu.jfif", "nutrients": {"Calories": "240 kcal", "Protein": "8 g", "Carbohydrates": "39 g", "Vitamins": "A, B", "Iron": "2.8 mg"}, "category": "dinner", "diseases": [7]}}, {"model": "meals.meals", "pk": 111, "fields": {"name": "Ginger Tea + Vegetable Upma", "description": "Ginger tea clears throat; upma provides energy.", "image": "uploads/meals/Ginger_Tea__Vegetable_Upma_-_B.jfif", "nutrients": {"Calories": "220 kcal", "Protein": "7 g", "Carbohydrates": "40 g", "Vitamins": "B, C", "Iron": "2.5 mg"}, "category": "breakfast", "diseases": [7]}}, {"model": "meals.meals", "pk": 112, "fields": {"name": "Vegetable Pulao (brown rice, beans, peas)", "description": "Fiber-rich, warm, and energy-boosting.", "image": "uploads/meals/Vegetable_Pulao_brown_rice_beans_peas__-_L.jfif", "nutrients": {"Calories": "320 kcal", "Protein": "10 g", "Carbohydrates": "55 g", "Vitamins": "B, C", "Iron": "3 mg"}, "category": "lunch", "diseases": [7]}}, {"model": "meals.meals", "pk": 113, "fields": {"name": "Moong Dal Khichdi (with ginger, garlic, turmeric)", "description": "Healing and soothing, reduces cough and cold symptoms.", "image": "uploads/meals/Moong_Dal_Khichdi_with_ginger_garlic_turmeric_-D.jfif", "nutrients": {"Calories": "250 kcal", "Protein": "9 g", "Carbohydrates": "42 g", "Vitamins": "A, C", "Iron": "2.5 mg"}, "category": "dinner", "diseases": [7]}}, {"model": "meals.meals", "pk": 114, "fields": {"name": "Fruit Bowl (Papaya, Orange, Pomegranate)", "description": "Vitamin C and antioxidants boost immunity against cold.", "image": "uploads/meals/Fruit_Bowl_Papaya_Orange_Pomegranate_-_B.jfif", "nutrients": {"Calories": "180 kcal", "Protein": "4 g", "Carbohydrates": "35 g", "Vitamins": "A, C", "Iron": "2 mg"}, "category": "breakfast", "diseases": [7]}}, {"model": "meals.meals", "pk": 115, "fields": {"name": "Whole Wheat Roti + Bhindi (Okra) Sabzi + Curd", "description": "Okra and curd aid immunity, roti gives complex carbs.", "image": "uploads/meals/Whole_Wheat_Roti__Bhindi_Okra_Sabzi__Curd_-_L.jfif", "nutrients": {"Calories": "280 kcal", "Protein": "9 g", "Carbohydrates": "46 g", "Vitamins": "B, C", "Iron": "2.5 mg"}, "category": "lunch", "diseases": [7]}}, {"model": "meals.meals", "pk": 116, "fields": {"name": "Clear Lentil Soup + Steamed Vegetables", "description": "Protein and antioxidants support recovery and reduce congestion.", "image": "uploads/meals/Clear_Lentil_Soup__Steamed_Vegetables_-_D_G7lrl2n.jfif", "nutrients": {"Calories": "200 kcal", "Protein": "8 g", "Carbohydrates": "30 g", "Vitamins": "A, C", "Iron": "2 mg"}, "category": "dinner", "diseases": [7]}}, {"model": "meals.meals", "pk": 117, "fields": {"name": "Warm Suji (Rava) Porridge with Milk", "description": "Soft, easy-to-swallow, soothing for throat.", "image": "uploads/meals/Warm_Suji_Rava_Porridge_with_Milk_-_b.jfif", "nutrients": {"Calories": "210 kcal", "Protein": "7 g", "Carbohydrates": "36 g", "Vitamins": "B, D", "Iron": "2 mg"}, "category": "breakfast", "diseases": [8]}}, {"model": "meals.meals", "pk": 118, "fields": {"name": "Moong Dal Khichdi (soft cooked, with turmeric)", "description": "Light, protein-rich, easy to digest, anti-inflammatory.", "image": "uploads/meals/Moong_Dal_Khichdi_soft_cooked_with_turmeric__-_L.jfif", "nutrients": {"Calories": "280 kcal", "Protein": "9 g", "Carbohydrates": "48 g", "Vitamins": "A, B", "Iron": "2.8 mg"}, "category": "lunch", "diseases": [8]}}, {"model": "meals.meals", "pk": 119, "fields": {"name": "Carrot-Ginger Soup + 2 Soft Phulkas", "description": "Warm, soothing, antioxidants help throat healing.", "image": "uploads/meals/Carrot-Ginger_Soup__2_Soft_Phulkas_-_D.jfif", "nutrients": {"Calories": "220 kcal", "Protein": "6 g", "Carbohydrates": "34 g", "Vitamins": "A, C", "Iron": "2 mg"}, "category": "dinner", "diseases": [8]}}, {"model": "meals.meals", "pk": 120, "fields": {"name": "Idli + Warm Rasam (light, not spicy)", "description": "Steamed, soft, easy to swallow, rasam clears throat.", "image": "uploads/meals/Idli__Warm_Rasam_light_not_spicy_-_B.jfif", "nutrients": {"Calories": "200 kcal", "Protein": "6 g", "Carbohydrates": "34 g", "Vitamins": "C, B", "Iron": "2 mg"}, "category": "breakfast", "diseases": [8]}}, {"model": "meals.meals", "pk": 121, "fields": {"name": "Soft Vegetable Upma (with carrots, peas, beans)", "description": "Easy on throat, soft texture, provides energy.", "image": "uploads/meals/Soft_Vegetable_Upma_with_carrots_peas_beans_-_L.jfif", "nutrients": {"Calories": "230 kcal", "Protein": "7 g", "Carbohydrates": "42 g", "Vitamins": "B, C", "Iron": "2.5 mg"}, "category": "lunch", "diseases": [8]}}, {"model": "meals.meals", "pk": 122, "fields": {"name": "Palak Soup + Steamed Rice", "description": "Warm, soothing, rich in iron and vitamin A for healing.", "image": "uploads/meals/Palak_Soup__Steamed_Rice_-_D.jfif", "nutrients": {"Calories": "240 kcal", "Protein": "8 g", "Carbohydrates": "38 g", "Vitamins": "A, C, K", "Iron": "3 mg"}, "category": "dinner", "diseases": [8]}}, {"model": "meals.meals", "pk": 123, "fields": {"name": "Rice Kanji (congee) with a little ghee", "description": "Very soft, warm, and soothing, good for sore throat.", "image": "uploads/meals/Rice_Kanji_congee_with_a_little_ghee_-B.jfif", "nutrients": {"Calories": "190 kcal", "Protein": "5 g", "Carbohydrates": "32 g", "Vitamins": "B", "Iron": "1.8 mg"}, "category": "breakfast", "diseases": [8]}}, {"model": "meals.meals", "pk": 124, "fields": {"name": "Curd Rice (room temperature, not cold)", "description": "Gentle on throat, probiotics improve immunity.", "image": "uploads/meals/Curd_Rice_room_temperature_not_cold_-_L.jfif", "nutrients": {"Calories": "250 kcal", "Protein": "8 g", "Carbohydrates": "40 g", "Vitamins": "B, D", "Iron": "2.5 mg"}, "category": "lunch", "diseases": [8]}}, {"model": "meals.meals", "pk": 125, "fields": {"name": "Lauki (Bottle Gourd) Soup + 2 Soft Rotis", "description": "Hydrating, soothing, easy to digest, supports recovery.", "image": "uploads/meals/Lauki_Bottle_Gourd_Soup__2_Soft_Rotis_-D.jfif", "nutrients": {"Calories": "210 kcal", "Protein": "6 g", "Carbohydrates": "35 g", "Vitamins": "A, C", "Iron": "2 mg"}, "category": "dinner", "diseases": [8]}}, {"model": "meals.meals", "pk": 126, "fields": {"name": "Dalia (Broken Wheat Porridge) with Milk", "description": "Warm and smooth, easy to eat, energy-giving.", "image": "uploads/meals/Dalia_Broken_Wheat_Porridge_with_Milk_-_B.jfif", "nutrients": {"Calories": "220 kcal", "Protein": "8 g", "Carbohydrates": "40 g", "Vitamins": "B, D", "Iron": "2.5 mg"}, "category": "breakfast", "diseases": [8]}}, {"model": "meals.meals", "pk": 127, "fields": {"name": "Steamed Rice + Moong Dal + Ghee", "description": "Simple, soothing combination, rich in protein and easy to digest.", "image": "uploads/meals/Steamed_Rice__Moong_Dal__Ghee_-_L.jfif", "nutrients": {"Calories": "300 kcal", "Protein": "9 g", "Carbohydrates": "52 g", "Vitamins": "B, A", "Iron": "2.5 mg"}, "category": "lunch", "diseases": [8]}}, {"model": "meals.meals", "pk": 128, "fields": {"name": "Vegetable Clear Soup (carrot, spinach, beans)", "description": "Warm, hydrating, full of antioxidants to reduce irritation.", "image": "uploads/meals/Vegetable_Clear_Soup_carrot_spinach_beans_-_D.jfif", "nutrients": {"Calories": "180 kcal", "Protein": "5 g", "Carbohydrates": "28 g", "Vitamins": "A, C", "Iron": "2 mg"}, "category": "dinner", "diseases": [8]}}, {"model": "meals.meals", "pk": 129, "fields": {"name": "Ragi Porridge with Jaggery", "description": "Warm, smooth, rich in iron and calcium, helps healing.", "image": "uploads/meals/Ragi_Porridge_with_Jaggery__-_B.jfif", "nutrients": {"Calories": "230 kcal", "Protein": "6 g", "Carbohydrates": "42 g", "Vitamins": "B, E", "Iron": "3 mg"}, "category": "breakfast", "diseases": [8]}}, {"model": "meals.meals", "pk": 130, "fields": {"name": "Soft Phulkas + Moong Dal Curry (mild spices)", "description": "Soft and warm, provides protein and energy.", "image": "uploads/meals/Soft_Phulkas__Moong_Dal_Curry_mild_spices_-_L.jfif", "nutrients": {"Calories": "280 kcal", "Protein": "10 g", "Carbohydrates": "46 g", "Vitamins": "B, C", "Iron": "2.8 mg"}, "category": "lunch", "diseases": [8]}}, {"model": "meals.meals", "pk": 131, "fields": {"name": "Tomato Soup + Soft Vegetable Rice", "description": "Lycopene-rich soup boosts immunity and eases throat.", "image": "uploads/meals/Tomato_Soup__Soft_Vegetable_Rice_-_D.jfif", "nutrients": {"Calories": "220 kcal", "Protein": "7 g", "Carbohydrates": "35 g", "Vitamins": "A, C", "Iron": "2.3 mg"}, "category": "dinner", "diseases": [8]}}, {"model": "meals.meals", "pk": 132, "fields": {"name": "Oats Porridge with Honey", "description": "Warm, smooth, honey coats the throat and reduces irritation.", "image": "uploads/meals/Oats_Porridge_with_Honey_-_B.jfif", "nutrients": {"Calories": "210 kcal", "Protein": "7 g", "Carbohydrates": "38 g", "Vitamins": "B, D", "Iron": "2 mg"}, "category": "breakfast", "diseases": [8]}}, {"model": "meals.meals", "pk": 133, "fields": {"name": "Vegetable Khichdi (with turmeric, ginger)", "description": "Warm, healing, and easy to swallow.", "image": "uploads/meals/Vegetable_Khichdi_with_turmeric_ginger_-_L.jfif", "nutrients": {"Calories": "290 kcal", "Protein": "9 g", "Carbohydrates": "50 g", "Vitamins": "A, C", "Iron": "2.7 mg"}, "category": "lunch", "diseases": [8]}}, {"model": "meals.meals", "pk": 134, "fields": {"name": "Palak Dal Soup + 2 Soft Rotis", "description": "Iron and vitamin A boost immunity, warm soup soothes throat.", "image": "uploads/meals/Palak_Dal_Soup__2_Soft_Rotis_-_D.jfif", "nutrients": {"Calories": "250 kcal", "Protein": "9 g", "Carbohydrates": "40 g", "Vitamins": "A, C, K", "Iron": "3 mg"}, "category": "dinner", "diseases": [8]}}, {"model": "meals.meals", "pk": 135, "fields": {"name": "Steamed Idiyappam (String Hoppers) + Warm Coconut Milk", "description": "Soft, mild, gentle on sore throat, nourishing.", "image": "uploads/meals/Steamed_Idiyappam_String_Hoppers__Warm_Coconut_Milk_-_B.jfif", "nutrients": {"Calories": "200 kcal", "Protein": "5 g", "Carbohydrates": "36 g", "Vitamins": "B, C", "Iron": "2 mg"}, "category": "breakfast", "diseases": [8]}}, {"model": "meals.meals", "pk": 136, "fields": {"name": "Soft Rice + Rasam (with pepper, garlic, ginger)", "description": "Warm, anti-inflammatory, helps clear throat irritation.", "image": "uploads/meals/Soft_Rice__Rasam_with_pepper_garlic_ginger_-_L.jfif", "nutrients": {"Calories": "270 kcal", "Protein": "8 g", "Carbohydrates": "48 g", "Vitamins": "C, B", "Iron": "2.5 mg"}, "category": "lunch", "diseases": [8]}}, {"model": "meals.meals", "pk": 137, "fields": {"name": "Vegetable Barley Soup", "description": "Warm, smooth, full of fiber and antioxidants for recovery.", "image": "uploads/meals/Vegetable_Barley_Soup_-_D.jfif", "nutrients": {"Calories": "210 kcal", "Protein": "7 g", "Carbohydrates": "34 g", "Vitamins": "A, C, B", "Iron": "2.4 mg"}, "category": "dinner", "diseases": [8]}}]